{
    "CLUSTER_84": {
        "everything": 0.037037037037037035,
        "yhat": 0.14814814814814814,
        "fpr,tpr,thresholds": 0.037037037037037035,
        "pred": 0.037037037037037035,
        "images": 0.07407407407407407,
        "skf": 0.07407407407407407,
        "y_train": 0.037037037037037035,
        "y_test": 0.037037037037037035,
        "X_test_cnn": 0.037037037037037035,
        "error": 0.07407407407407407,
        "roc_auc+": 0.037037037037037035,
        "labels": 0.037037037037037035,
        "x_train_up": 0.037037037037037035,
        "yhat_cnn": 0.037037037037037035,
        "X_train_cnn": 0.037037037037037035,
        "yhat_mlp": 0.037037037037037035,
        "mean_fpr": 0.037037037037037035,
        "fig,ax": 0.037037037037037035,
        "x_test_up": 0.037037037037037035,
        "classes": 0.037037037037037035,
        "ind": 0.037037037037037035
    },
    "CLUSTER_119": {
        "scaler": 0.07142857142857142,
        "X_test": 0.14285714285714285,
        "df": 0.14285714285714285,
        "xtrain,xtest,ytrain,ytest": 0.07142857142857142,
        "training_data_len": 0.07142857142857142,
        "x_train": 0.07142857142857142,
        "x_train,y_train": 0.07142857142857142,
        "x_test": 0.14285714285714285,
        "data": 0.14285714285714285,
        "wine": 0.07142857142857142
    },
    "CLUSTER_117": {
        "B": 0.2,
        "r": 0.4,
        "A": 0.2,
        "df": 0.2
    },
    "CLUSTER_125": {
        "training_loss": 0.05263157894736842,
        "pca": 0.10526315789473684,
        "sstot": 0.05263157894736842,
        "X_train,X_test,y_train,y_test": 0.10526315789473684,
        "au_1062bio": 0.05263157894736842,
        "var": 0.05263157894736842,
        "scale": 0.10526315789473684,
        "f_test": 0.05263157894736842,
        "AUC": 0.05263157894736842,
        "mlp": 0.05263157894736842,
        "clf": 0.05263157894736842,
        "fig1,ax1": 0.05263157894736842,
        "y_true,y_pred": 0.05263157894736842,
        "principalDf": 0.05263157894736842,
        "tsne": 0.05263157894736842,
        "regr": 0.05263157894736842
    },
    "CLUSTER_34": {
        "durations": 0.03571428571428571,
        "flist": 0.07142857142857142,
        "delta": 0.017857142857142856,
        "fig": 0.32142857142857145,
        "frame": 0.017857142857142856,
        "alarms_over_1_min": 0.017857142857142856,
        "stamp": 0.017857142857142856,
        "all_durations": 0.017857142857142856,
        "numbered": 0.07142857142857142,
        "writer": 0.17857142857142858,
        "alarm_settings_2[recording]": 0.017857142857142856,
        "stats_all": 0.08928571428571429,
        "clinical_details": 0.017857142857142856,
        "alarm_t": 0.017857142857142856,
        "recording_times_frame": 0.017857142857142856,
        "alarm_stats_cum_rec": 0.017857142857142856,
        "total_recording_time": 0.017857142857142856,
        "alarm_stats_cum_total": 0.017857142857142856,
        "alarms_over_1_hour": 0.017857142857142856
    },
    "CLUSTER_113": {
        "fig": 0.22727272727272727,
        "ifpxy": 0.045454545454545456,
        "freqReviewDf": 0.045454545454545456,
        "pmi": 0.045454545454545456,
        "hotelDfRaw": 0.045454545454545456,
        "pmidf": 0.09090909090909091,
        "pmineglist": 0.045454545454545456,
        "miScoredf": 0.045454545454545456,
        "counter": 0.09090909090909091,
        "tempCounter": 0.045454545454545456,
        "pmiposlist": 0.045454545454545456,
        "cmap": 0.13636363636363635,
        "reviewDf": 0.045454545454545456,
        "x": 0.045454545454545456
    },
    "CLUSTER_13": {
        "fig,ax": 0.5,
        "g": 0.15,
        "f,ax": 0.15,
        "X,y": 0.05,
        "data": 0.05,
        "data['dist']": 0.05,
        "random_df": 0.05
    },
    "CLUSTER_49": {
        "fig": 0.3333333333333333,
        "self.key_pts_frame": 0.16666666666666666,
        "key_pts_copy": 0.16666666666666666,
        "ax": 0.16666666666666666,
        "image_copy": 0.16666666666666666
    },
    "CLUSTER_138": {
        "movies_list": 0.22916666666666666,
        "std": 0.020833333333333332,
        "writers_list": 0.0625,
        "writer_ratings": 0.041666666666666664,
        "os.chdir(default_path)countries": 0.020833333333333332,
        "food_info": 0.041666666666666664,
        "plot_list": 0.041666666666666664,
        "gross_list": 0.0625,
        "emoji_pattern": 0.020833333333333332,
        "mpaa_list": 0.041666666666666664,
        "actors": 0.041666666666666664,
        "food_review_total": 0.020833333333333332,
        "directors_list": 0.0625,
        "actor_ratings": 0.020833333333333332,
        "cities": 0.020833333333333332,
        "indices": 0.020833333333333332,
        "food_info_total": 0.041666666666666664,
        "movie_ratings": 0.020833333333333332,
        "budget_list": 0.041666666666666664,
        "movies": 0.041666666666666664,
        "food_review_merge": 0.020833333333333332,
        "director_ratings": 0.020833333333333332,
        "df_food_review": 0.020833333333333332,
        "genres_list": 0.020833333333333332
    },
    "CLUSTER_7": {
        "X_train,X_test,y_train,y_test": 0.29577464788732394,
        "lin_reg_2": 0.028169014084507043,
        "rf": 0.18309859154929578,
        "cm": 0.15492957746478872,
        "poly_reg": 0.014084507042253521,
        "ax": 0.014084507042253521,
        "resampled_df": 0.08450704225352113,
        "sc_X": 0.014084507042253521,
        "df_train": 0.014084507042253521,
        "submission": 0.014084507042253521,
        "rmse": 0.028169014084507043,
        "train": 0.014084507042253521,
        "df": 0.04225352112676056,
        "reloaded_df": 0.014084507042253521,
        "kmeans": 0.014084507042253521,
        "test": 0.014084507042253521,
        "ss": 0.014084507042253521,
        "estimator": 0.014084507042253521,
        "train_Y": 0.014084507042253521,
        "X_grid": 0.014084507042253521
    },
    "CLUSTER_140": {
        "score": 0.2857142857142857,
        "X_std_test": 0.14285714285714285,
        "classes": 0.14285714285714285,
        "pca": 0.14285714285714285,
        "X_std": 0.14285714285714285,
        "sklearn_pca": 0.14285714285714285
    },
    "CLUSTER_12": {
        "outlier_data['date']": 0.038461538461538464,
        "lm_tp": 0.038461538461538464,
        "outlier_data['residual'][i]": 0.15384615384615385,
        "price": 0.07692307692307693,
        "anddirty_data['time'][i]<": 0.11538461538461539,
        "dirty_data['time']": 0.038461538461538464,
        "dinner_prices": 0.038461538461538464,
        "model_tp": 0.038461538461538464,
        "Q1": 0.038461538461538464,
        "a": 0.11538461538461539,
        "dirty_data['order_items'][i]": 0.11538461538461539,
        "out_index.append(i)Q1": 0.038461538461538464,
        "lunch_prices": 0.038461538461538464,
        "missing_data['date']": 0.038461538461538464,
        "df_test": 0.038461538461538464,
        "dirty_data['date']": 0.038461538461538464
    },
    "CLUSTER_44": {
        "df_l": 0.375,
        "fig,axes": 0.3125,
        "df_r": 0.3125
    },
    "CLUSTER_0": {
        "axes": 0.3333333333333333,
        "num_complete_minibatches": 0.3333333333333333,
        "s[\"dW\"+str(l+1)]": 0.3333333333333333
    },
    "CLUSTER_3": {
        "df": 0.07692307692307693,
        "fold": 0.07692307692307693,
        "per_school_summary_df[\"SpendingRanges(PerStudent)\"]": 0.07692307692307693,
        "model": 0.15384615384615385,
        "df_json": 0.07692307692307693,
        "data": 0.3076923076923077,
        "per_school_summary_df": 0.07692307692307693,
        "reading_scores_by_grade": 0.07692307692307693,
        "school_data_df": 0.07692307692307693
    },
    "CLUSTER_132": {
        "features": 0.25,
        "plt.imshow(output_weight.reshape([2,20]),cmap": 0.25,
        "batch_y": 0.25,
        "frame1": 0.25
    },
    "CLUSTER_105": {
        "G": 0.04,
        "J2": 0.02,