{
    "CLUSTER_10": {
        "everything": 0.004739336492890996,
        "scaler": 0.004739336492890996,
        "training_loss": 0.004739336492890996,
        "fig": 0.02843601895734597,
        "fig,ax": 0.05687203791469194,
        "ifpxy": 0.004739336492890996,
        "X_train,X_test,y_train,y_test": 0.11848341232227488,
        "lin_reg_2": 0.009478672985781991,
        "score": 0.009478672985781991,
        "pca": 0.014218009478672985,
        "rf": 0.061611374407582936,
        "featureScores": 0.004739336492890996,
        "cm": 0.052132701421800945,
        "poly_reg": 0.004739336492890996,
        "freqReviewDf": 0.004739336492890996,
        "pmi": 0.004739336492890996,
        "hotelDfRaw": 0.004739336492890996,
        "figsize": 0.009478672985781991,
        "sstot": 0.004739336492890996,
        "pmidf": 0.009478672985781991,
        "fig,axes": 0.009478672985781991,
        "au_1062bio": 0.004739336492890996,
        "g": 0.014218009478672985,
        "yhat": 0.018957345971563982,
        "data": 0.009478672985781991,
        "var": 0.004739336492890996,
        "scale": 0.009478672985781991,
        "ax": 0.014218009478672985,
        "X_test": 0.009478672985781991,
        "fpr,tpr,thresholds": 0.004739336492890996,
        "start": 0.004739336492890996,
        "pred": 0.004739336492890996,
        "resampled_df": 0.02843601895734597,
        "pmineglist": 0.004739336492890996,
        "X": 0.004739336492890996,
        "images": 0.009478672985781991,
        "f3,axs3": 0.004739336492890996,
        "indices": 0.004739336492890996,
        "summary": 0.004739336492890996,
        "skf": 0.009478672985781991,
        "y_train": 0.004739336492890996,
        "sc_X": 0.004739336492890996,
        "df_train": 0.004739336492890996,
        "training_data_len": 0.004739336492890996,
        "v": 0.004739336492890996,
        "miScoredf": 0.004739336492890996,
        "submission": 0.004739336492890996,
        "f,ax": 0.014218009478672985,
        "counter": 0.009478672985781991,
        "f_test": 0.004739336492890996,
        "X,y": 0.004739336492890996,
        "AUC": 0.004739336492890996,
        "y_test": 0.004739336492890996,
        "X_std_test": 0.004739336492890996,
        "tempCounter": 0.004739336492890996,
        "X_test_cnn": 0.004739336492890996,
        "mlp": 0.004739336492890996,
        "pmi_dist_matrix": 0.004739336492890996,
        "normalSample": 0.004739336492890996,
        "clf": 0.004739336492890996,
        "x_train": 0.004739336492890996,
        "fig1,ax1": 0.004739336492890996,
        "rmse": 0.009478672985781991,
        "x_train,y_train": 0.004739336492890996,
        "error": 0.009478672985781991,
        "roc_auc+": 0.004739336492890996,
        "labels": 0.004739336492890996,
        "x_test": 0.009478672985781991,
        "df_raw": 0.009478672985781991,
        "classes": 0.009478672985781991,
        "pca_ll_dist_matrix": 0.004739336492890996,
        "y_true,y_pred": 0.004739336492890996,
        "train": 0.004739336492890996,
        "pmiposlist": 0.004739336492890996,
        "model": 0.004739336492890996,
        "dtree": 0.004739336492890996,
        "df": 0.018957345971563982,
        "X_std": 0.004739336492890996,
        "reloaded_df": 0.004739336492890996,
        "cmap": 0.014218009478672985,
        "raw_dist_matrix": 0.004739336492890996,
        "bestfeatures": 0.004739336492890996,
        "max_sims": 0.009478672985781991,
        "kmeans": 0.004739336492890996,
        "train_data": 0.004739336492890996,
        "t": 0.004739336492890996,
        "x_train_up": 0.004739336492890996,
        "yhat_cnn": 0.004739336492890996,
        "pca_pmi_dist_matrix": 0.004739336492890996,
        "X_train_cnn": 0.004739336492890996,
        "test": 0.004739336492890996,
        "ss": 0.004739336492890996,
        "principalDf": 0.004739336492890996,
        "df_1": 0.004739336492890996,
        "sklearn_pca": 0.004739336492890996,
        "yhat_mlp": 0.004739336492890996,
        "mean_fpr": 0.004739336492890996,
        "x_test_up": 0.004739336492890996,
        "estimator": 0.004739336492890996,
        "ind": 0.004739336492890996,
        "data['dist']": 0.004739336492890996,
        "tsne": 0.004739336492890996,
        "dfcolumns": 0.004739336492890996,
        "random_df": 0.004739336492890996,
        "train_Y": 0.004739336492890996,
        "upperPartSelector": 0.004739336492890996,
        "reviewDf": 0.004739336492890996,
        "data['DATE']": 0.004739336492890996,
        "x": 0.004739336492890996,
        "regr": 0.004739336492890996,
        "X_grid": 0.004739336492890996
    },
    "CLUSTER_0": {
        "B": 0.009202453987730062,
        "durations": 0.006134969325153374,
        "flist": 0.012269938650306749,
        "movies_list": 0.03374233128834356,
        "std": 0.003067484662576687,
        "outlier_data['date']": 0.003067484662576687,
        "df_l": 0.018404907975460124,
        "axes": 0.003067484662576687,
        "df": 0.024539877300613498,
        "lm_tp": 0.003067484662576687,
        "features": 0.003067484662576687,
        "delta": 0.003067484662576687,
        "writers_list": 0.009202453987730062,
        "fold": 0.003067484662576687,
        "G": 0.006134969325153374,
        "fig,axes": 0.018404907975460124,
        "tr_finite": 0.003067484662576687,
        "roc_auc[\"macro\"]": 0.003067484662576687,
        "J2": 0.003067484662576687,
        "writer_ratings": 0.006134969325153374,
        "action": 0.003067484662576687,
        "B_2line": 0.003067484662576687,
        "cf": 0.015337423312883436,
        "french_words_counter": 0.003067484662576687,
        "trainX,testX,trainy,testy": 0.009202453987730062,
        "df_r": 0.015337423312883436,
        "data2": 0.003067484662576687,
        "fig": 0.05521472392638037,
        "accuracies": 0.003067484662576687,
        "fpr[\"micro\"],tpr[\"micro\"],_": 0.003067484662576687,
        "DQ": 0.006134969325153374,
        "array": 0.006134969325153374,
        "r": 0.006134969325153374,
        "b": 0.006134969325153374,
        "x_values": 0.003067484662576687,
        "plot_list": 0.006134969325153374,
        "channel_states": 0.003067484662576687,
        "gross_list": 0.009202453987730062,
        "frame": 0.003067484662576687,
        "alarms_over_1_min": 0.003067484662576687,
        "stamp": 0.003067484662576687,
        "tic": 0.012269938650306749,
        "outlier_data['residual'][i]": 0.012269938650306749,
        "big_mat2": 0.003067484662576687,
        "price": 0.006134969325153374,
        "H": 0.003067484662576687,
        "sentences": 0.003067484662576687,
        "per_school_summary_df[\"SpendingRanges(PerStudent)\"]": 0.003067484662576687,
        "mismP": 0.009202453987730062,
        "model": 0.012269938650306749,
        "small_df": 0.003067484662576687,
        "response": 0.003067484662576687,
        "plt.imshow(output_weight.reshape([2,20]),cmap": 0.003067484662576687,
        "test_acc": 0.003067484662576687,
        "X_TF_train": 0.003067484662576687,
        "returns": 0.003067484662576687,
        "zeros": 0.003067484662576687,
        "all_durations": 0.003067484662576687,
        "mdl": 0.003067484662576687,
        "anddirty_data['time'][i]<": 0.009202453987730062,
        "dirty_data['time']": 0.003067484662576687,
        "numbered": 0.012269938650306749,
        "writer": 0.03067484662576687,
        "alarm_settings_2[recording]": 0.003067484662576687,
        "B_line_inv": 0.003067484662576687,
        "df_json": 0.003067484662576687,
        "data": 0.03067484662576687,
        "kf": 0.003067484662576687,
        "correct_scores": 0.003067484662576687,
        "budget_df['release_date']": 0.003067484662576687,
        "data1": 0.006134969325153374,
        "mpaa_list": 0.006134969325153374,
        "xtrain,xtest,ytrain,ytest": 0.003067484662576687,
        "train": 0.003067484662576687,
        "Y": 0.006134969325153374,
        "X_test": 0.003067484662576687,