{
    "CLUSTER_0": {
        "everything": 0.015151515151515152,
        "training_loss": 0.015151515151515152,
        "pca": 0.030303030303030304,
        "roc_auc[\"macro\"]": 0.015151515151515152,
        "fpr[\"micro\"],tpr[\"micro\"],_": 0.015151515151515152,
        "sstot": 0.015151515151515152,
        "array": 0.030303030303030304,
        "X_train,X_test,y_train,y_test": 0.030303030303030304,
        "au_1062bio": 0.015151515151515152,
        "yhat": 0.06060606060606061,
        "var": 0.015151515151515152,
        "scale": 0.030303030303030304,
        "fpr,tpr,thresholds": 0.015151515151515152,
        "pred": 0.015151515151515152,
        "images": 0.030303030303030304,
        "X_TF_train": 0.015151515151515152,
        "skf": 0.030303030303030304,
        "y_train": 0.015151515151515152,
        "f_test": 0.015151515151515152,
        "AUC": 0.015151515151515152,
        "y_test": 0.015151515151515152,
        "X_test_cnn": 0.015151515151515152,
        "clf": 0.045454545454545456,
        "mlp": 0.015151515151515152,
        "mean_tpr": 0.015151515151515152,
        "x": 0.015151515151515152,
        "fig1,ax1": 0.015151515151515152,
        "error": 0.030303030303030304,
        "roc_auc+": 0.015151515151515152,
        "class_names": 0.015151515151515152,
        "labels": 0.015151515151515152,
        "y_true,y_pred": 0.015151515151515152,
        "imageTest": 0.015151515151515152,
        "res": 0.030303030303030304,
        "X_TF_pred": 0.015151515151515152,
        "val_class_names": 0.015151515151515152,
        "x_train_up": 0.015151515151515152,
        "yhat_cnn": 0.015151515151515152,
        "roc_auc[\"micro\"]": 0.015151515151515152,
        "X_train_cnn": 0.015151515151515152,
        "principalDf": 0.015151515151515152,
        "sample": 0.015151515151515152,
        "yhat_mlp": 0.015151515151515152,
        "mean_fpr": 0.015151515151515152,
        "fig,ax": 0.015151515151515152,
        "x_test_up": 0.015151515151515152,
        "classes": 0.015151515151515152,
        "ind": 0.015151515151515152,
        "y_TF_train": 0.015151515151515152,
        "tsne": 0.015151515151515152,
        "files": 0.015151515151515152,
        "y_TF_pred": 0.015151515151515152,
        "regr": 0.015151515151515152
    },
    "CLUSTER_5": {
        "scaler": 0.007874015748031496,
        "X_train,X_test,y_train,y_test": 0.1732283464566929,
        "lin_reg_2": 0.015748031496062992,
        "score": 0.031496062992125984,
        "rf": 0.10236220472440945,
        "cm": 0.09448818897637795,
        "trainX,testX,trainy,testy": 0.023622047244094488,
        "poly_reg": 0.007874015748031496,
        "data2": 0.007874015748031496,
        "accuracies": 0.007874015748031496,
        "fig": 0.007874015748031496,
        "ax": 0.023622047244094488,
        "X_test": 0.015748031496062992,
        "start": 0.007874015748031496,
        "resampled_df": 0.047244094488188976,
        "df": 0.03937007874015748,
        "model": 0.015748031496062992,
        "f3,axs3": 0.007874015748031496,
        "data": 0.031496062992125984,
        "data1": 0.015748031496062992,
        "sc_X": 0.007874015748031496,
        "df_train": 0.007874015748031496,
        "xtrain,xtest,ytrain,ytest": 0.007874015748031496,
        "training_data_len": 0.007874015748031496,
        "v": 0.007874015748031496,
        "submission": 0.007874015748031496,
        "X_std_test": 0.007874015748031496,
        "pmi_dist_matrix": 0.007874015748031496,
        "normalSample": 0.007874015748031496,
        "x_train": 0.007874015748031496,
        "dataset": 0.007874015748031496,
        "rmse": 0.015748031496062992,
        "x_train,y_train": 0.007874015748031496,
        "x_test": 0.015748031496062992,
        "classes": 0.007874015748031496,
        "pca": 0.007874015748031496,
        "pca_ll_dist_matrix": 0.007874015748031496,
        "train": 0.007874015748031496,
        "X_std": 0.007874015748031496,
        "reloaded_df": 0.007874015748031496,
        "raw_dist_matrix": 0.007874015748031496,
        "max_sims": 0.015748031496062992,
        "kmeans": 0.007874015748031496,
        "sc": 0.007874015748031496,
        "t": 0.007874015748031496,
        "pca_pmi_dist_matrix": 0.007874015748031496,
        "test": 0.007874015748031496,
        "ss": 0.007874015748031496,
        "wine": 0.007874015748031496,
        "fig,ax": 0.007874015748031496,
        "sklearn_pca": 0.007874015748031496,
        "estimator": 0.007874015748031496,
        "data3": 0.015748031496062992,
        "train_Y": 0.007874015748031496,
        "upperPartSelector": 0.007874015748031496,
        "X_grid": 0.007874015748031496
    },
    "CLUSTER_4": {
        "B": 0.023809523809523808,
        "outlier_data['date']": 0.023809523809523808,
        "lm_tp": 0.023809523809523808,
        "os.chdir(default_path)countries": 0.023809523809523808,
        "food_info": 0.047619047619047616,
        "r": 0.047619047619047616,
        "outlier_data['residual'][i]": 0.09523809523809523,
        "price": 0.047619047619047616,
        "anddirty_data['time'][i]<": 0.07142857142857142,
        "dirty_data['time']": 0.023809523809523808,
        "emoji_pattern": 0.023809523809523808,
        "food_review_total": 0.023809523809523808,
        "dinner_prices": 0.023809523809523808,
        "model_tp": 0.023809523809523808,
        "cities": 0.023809523809523808,
        "Q1": 0.023809523809523808,
        "a": 0.07142857142857142,
        "food_info_total": 0.047619047619047616,
        "A": 0.023809523809523808,
        "df": 0.023809523809523808,
        "dirty_data['order_items'][i]": 0.07142857142857142,
        "out_index.append(i)Q1": 0.023809523809523808,
        "lunch_prices": 0.023809523809523808,
        "missing_data['date']": 0.023809523809523808,
        "spin": 0.023809523809523808,
        "df_test": 0.023809523809523808,
        "food_review_merge": 0.023809523809523808,
        "df_food_review": 0.023809523809523808,
        "dirty_data['date']": 0.023809523809523808
    },
    "CLUSTER_11": {
        "durations": 0.02531645569620253,
        "fig": 0.25316455696202533,
        "flist": 0.05063291139240506,
        "delta": 0.012658227848101266,
        "X_train,X_test,y_train,y_test": 0.012658227848101266,
        "tr_finite": 0.012658227848101266,
        "size": 0.012658227848101266,
        "self.all_weights": 0.012658227848101266,
        "figsize": 0.02531645569620253,
        "data": 0.012658227848101266,
        "fig,axes": 0.012658227848101266,
        "frame": 0.012658227848101266,
        "alarms_over_1_min": 0.012658227848101266,
        "stamp": 0.012658227848101266,
        "ax": 0.02531645569620253,
        "y": 0.012658227848101266,
        "im": 0.012658227848101266,
        "all_durations": 0.012658227848101266,
        "numbered": 0.05063291139240506,
        "writer": 0.12658227848101267,
        "alarm_settings_2[recording]": 0.012658227848101266,
        "budget_df['release_date']": 0.012658227848101266,
        "self.key_pts_frame": 0.012658227848101266,
        "stats_all": 0.06329113924050633,
        "clinical_details": 0.012658227848101266,
        "a": 0.012658227848101266,
        "key_pts_copy": 0.012658227848101266,
        "alarm_t": 0.012658227848101266,
        "recording_times_frame": 0.012658227848101266,
        "alarm_stats_cum_rec": 0.012658227848101266,
        "total_recording_time": 0.012658227848101266,
        "fig,ax": 0.012658227848101266,
        "image_copy": 0.012658227848101266,
        "alarm_stats_cum_total": 0.012658227848101266,
        "alarms_over_1_hour": 0.012658227848101266,
        "class_sort": 0.012658227848101266,
        "budget_df": 0.012658227848101266,
        "trained_label": 0.012658227848101266
    },
    "CLUSTER_8": {
        "fig": 0.11363636363636363,
        "fig,ax": 0.22727272727272727,
        "ifpxy": 0.022727272727272728,
        "freqReviewDf": 0.022727272727272728,
        "pmi": 0.022727272727272728,