{
    "CLUSTER_4": {
        "everything": 0.008928571428571428,
        "durations": 0.017857142857142856,
        "flist": 0.03571428571428571,
        "delta": 0.008928571428571428,
        "X_train,X_test,y_train,y_test": 0.008928571428571428,
        "tr_finite": 0.008928571428571428,
        "roc_auc[\"macro\"]": 0.008928571428571428,
        "fig": 0.16071428571428573,
        "fpr[\"micro\"],tpr[\"micro\"],_": 0.008928571428571428,
        "figsize": 0.017857142857142856,
        "array": 0.017857142857142856,
        "fig,axes": 0.008928571428571428,
        "frame": 0.008928571428571428,
        "yhat": 0.03571428571428571,
        "alarms_over_1_min": 0.008928571428571428,
        "stamp": 0.008928571428571428,
        "fpr,tpr,thresholds": 0.008928571428571428,
        "pred": 0.008928571428571428,
        "y": 0.008928571428571428,
        "images": 0.017857142857142856,
        "X_TF_train": 0.008928571428571428,
        "all_durations": 0.008928571428571428,
        "numbered": 0.03571428571428571,
        "writer": 0.08928571428571429,
        "alarm_settings_2[recording]": 0.008928571428571428,
        "skf": 0.017857142857142856,
        "y_train": 0.008928571428571428,
        "budget_df['release_date']": 0.008928571428571428,
        "stats_all": 0.044642857142857144,
        "y_test": 0.008928571428571428,
        "X_test_cnn": 0.008928571428571428,
        "clf": 0.017857142857142856,
        "clinical_details": 0.008928571428571428,
        "a": 0.008928571428571428,
        "mean_tpr": 0.008928571428571428,
        "x": 0.008928571428571428,
        "alarm_t": 0.008928571428571428,
        "error": 0.017857142857142856,
        "roc_auc+": 0.008928571428571428,
        "class_names": 0.008928571428571428,
        "labels": 0.008928571428571428,
        "imageTest": 0.008928571428571428,
        "res": 0.017857142857142856,
        "X_TF_pred": 0.008928571428571428,
        "recording_times_frame": 0.008928571428571428,
        "alarm_stats_cum_rec": 0.008928571428571428,
        "total_recording_time": 0.008928571428571428,
        "val_class_names": 0.008928571428571428,
        "x_train_up": 0.008928571428571428,
        "yhat_cnn": 0.008928571428571428,
        "roc_auc[\"micro\"]": 0.008928571428571428,
        "X_train_cnn": 0.008928571428571428,
        "sample": 0.008928571428571428,
        "alarm_stats_cum_total": 0.008928571428571428,
        "alarms_over_1_hour": 0.008928571428571428,
        "yhat_mlp": 0.008928571428571428,
        "mean_fpr": 0.008928571428571428,
        "fig,ax": 0.008928571428571428,
        "x_test_up": 0.008928571428571428,
        "classes": 0.008928571428571428,
        "ind": 0.008928571428571428,
        "y_TF_train": 0.008928571428571428,
        "budget_df": 0.008928571428571428,
        "files": 0.008928571428571428,
        "y_TF_pred": 0.008928571428571428
    },
    "CLUSTER_11": {
        "scaler": 0.034482758620689655,
        "df_l": 0.20689655172413793,
        "fig,axes": 0.20689655172413793,
        "df_r": 0.1724137931034483,
        "fig,ax": 0.034482758620689655,
        "data": 0.034482758620689655,
        "X_test": 0.06896551724137931,
        "training_data_len": 0.034482758620689655,
        "x_train": 0.034482758620689655,
        "x_train,y_train": 0.034482758620689655,
        "x_test": 0.06896551724137931,
        "df": 0.034482758620689655,
        "data['DATE']": 0.034482758620689655
    },
    "CLUSTER_10": {
        "B": 0.14285714285714285,
        "r": 0.2857142857142857,
        "A": 0.14285714285714285,
        "df": 0.14285714285714285,
        "start": 0.14285714285714285,
        "cwd": 0.14285714285714285
    },
    "CLUSTER_7": {
        "training_loss": 0.008333333333333333,
        "fig,ax": 0.08333333333333333,
        "X_train,X_test,y_train,y_test": 0.19166666666666668,
        "lin_reg_2": 0.016666666666666666,
        "score": 0.016666666666666666,
        "pca": 0.025,
        "rf": 0.10833333333333334,
        "cm": 0.09166666666666666,
        "poly_reg": 0.008333333333333333,
        "sstot": 0.008333333333333333,
        "au_1062bio": 0.008333333333333333,
        "g": 0.025,
        "var": 0.008333333333333333,
        "scale": 0.016666666666666666,
        "ax": 0.008333333333333333,
        "resampled_df": 0.05,
        "X": 0.008333333333333333,
        "sc_X": 0.008333333333333333,
        "df_train": 0.008333333333333333,
        "submission": 0.008333333333333333,
        "f,ax": 0.025,
        "f_test": 0.008333333333333333,
        "X,y": 0.008333333333333333,
        "AUC": 0.008333333333333333,
        "X_std_test": 0.008333333333333333,
        "mlp": 0.008333333333333333,
        "clf": 0.008333333333333333,
        "fig1,ax1": 0.008333333333333333,
        "rmse": 0.016666666666666666,
        "classes": 0.008333333333333333,
        "y_true,y_pred": 0.008333333333333333,
        "train": 0.008333333333333333,
        "df": 0.025,
        "X_std": 0.008333333333333333,
        "reloaded_df": 0.008333333333333333,
        "data": 0.008333333333333333,
        "kmeans": 0.008333333333333333,
        "train_data": 0.008333333333333333,
        "test": 0.008333333333333333,
        "ss": 0.008333333333333333,
        "principalDf": 0.008333333333333333,
        "df_1": 0.008333333333333333,
        "sklearn_pca": 0.008333333333333333,
        "estimator": 0.008333333333333333,
        "data['dist']": 0.008333333333333333,
        "tsne": 0.008333333333333333,
        "random_df": 0.008333333333333333,
        "train_Y": 0.008333333333333333,
        "regr": 0.008333333333333333,
        "X_grid": 0.008333333333333333
    },
    "CLUSTER_0": {
        "fig": 0.22727272727272727,
        "ifpxy": 0.045454545454545456,
        "freqReviewDf": 0.045454545454545456,
        "pmi": 0.045454545454545456,
        "hotelDfRaw": 0.045454545454545456,
        "pmidf": 0.09090909090909091,
        "pmineglist": 0.045454545454545456,
        "miScoredf": 0.045454545454545456,
        "counter": 0.09090909090909091,
        "tempCounter": 0.045454545454545456,
        "pmiposlist": 0.045454545454545456,
        "cmap": 0.13636363636363635,
        "reviewDf": 0.045454545454545456,
        "x": 0.045454545454545456
    },
    "CLUSTER_6": {
        "fig": 0.13333333333333333,
        "size": 0.06666666666666667,
        "self.all_weights": 0.06666666666666667,
        "data": 0.06666666666666667,
        "diff": 0.06666666666666667,
        "ax": 0.13333333333333333,
        "im": 0.06666666666666667,
        "self.key_pts_frame": 0.06666666666666667,
        "key_pts_copy": 0.06666666666666667,
        "fig,ax": 0.06666666666666667,
        "image_copy": 0.06666666666666667,
        "class_sort": 0.06666666666666667,
        "trained_label": 0.06666666666666667
    },
    "CLUSTER_12": {
        "movies_list": 0.22448979591836735,
        "std": 0.02040816326530612,
        "writers_list": 0.061224489795918366,
        "writer_ratings": 0.04081632653061224,
        "x_values": 0.02040816326530612,
        "plot_list": 0.04081632653061224,
        "channel_states": 0.02040816326530612,
        "gross_list": 0.061224489795918366,
        "mpaa_list": 0.04081632653061224,
        "data": 0.061224489795918366,
        "actors": 0.04081632653061224,
        "directors_list": 0.061224489795918366,
        "actor_ratings": 0.02040816326530612,
        "dataframe": 0.02040816326530612,
        "indices": 0.02040816326530612,
        "movie_ratings": 0.02040816326530612,
        "v_abs_mean": 0.02040816326530612,
        "budget_list": 0.04081632653061224,
        "movies": 0.04081632653061224,
        "df_capacitances": 0.02040816326530612,
        "director_ratings": 0.02040816326530612,
        "genres_list": 0.02040816326530612,
        "fig,axes": 0.02040816326530612,
        "v_filtered_mean": 0.02040816326530612,
        "dfA": 0.02040816326530612
    },
    "CLUSTER_8": {
        "outlier_data['date']": 0.023255813953488372,