{
    "CLUSTER_2": {
        "everything": 0.034482758620689655,
        "yhat": 0.13793103448275862,
        "fpr,tpr,thresholds": 0.034482758620689655,
        "pred": 0.034482758620689655,
        "images": 0.06896551724137931,
        "skf": 0.06896551724137931,
        "y_train": 0.034482758620689655,
        "y_test": 0.034482758620689655,
        "X_test_cnn": 0.034482758620689655,
        "error": 0.06896551724137931,
        "roc_auc+": 0.034482758620689655,
        "labels": 0.034482758620689655,
        "res": 0.06896551724137931,
        "x_train_up": 0.034482758620689655,
        "yhat_cnn": 0.034482758620689655,
        "X_train_cnn": 0.034482758620689655,
        "yhat_mlp": 0.034482758620689655,
        "mean_fpr": 0.034482758620689655,
        "fig,ax": 0.034482758620689655,
        "x_test_up": 0.034482758620689655,
        "classes": 0.034482758620689655,
        "ind": 0.034482758620689655
    },
    "CLUSTER_0": {
        "scaler": 0.002403846153846154,
        "B": 0.007211538461538462,
        "fig,ax": 0.03125,
        "movies_list": 0.026442307692307692,
        "X_train,X_test,y_train,y_test": 0.057692307692307696,
        "std": 0.002403846153846154,
        "lin_reg_2": 0.004807692307692308,
        "outlier_data['date']": 0.002403846153846154,
        "df_l": 0.014423076923076924,
        "axes": 0.002403846153846154,
        "df": 0.028846153846153848,
        "lm_tp": 0.002403846153846154,
        "features": 0.002403846153846154,
        "writers_list": 0.007211538461538462,
        "fold": 0.002403846153846154,
        "G": 0.004807692307692308,
        "rf": 0.03125,
        "fig,axes": 0.019230769230769232,
        "featureScores": 0.002403846153846154,
        "tr_finite": 0.002403846153846154,
        "roc_auc[\"macro\"]": 0.002403846153846154,
        "J2": 0.002403846153846154,
        "writer_ratings": 0.004807692307692308,
        "action": 0.002403846153846154,
        "B_2line": 0.002403846153846154,
        "cm": 0.028846153846153848,
        "cf": 0.01201923076923077,
        "french_words_counter": 0.002403846153846154,
        "trainX,testX,trainy,testy": 0.007211538461538462,
        "df_r": 0.01201923076923077,
        "poly_reg": 0.002403846153846154,
        "data2": 0.002403846153846154,
        "accuracies": 0.002403846153846154,
        "fpr[\"micro\"],tpr[\"micro\"],_": 0.002403846153846154,
        "figsize": 0.004807692307692308,
        "os.chdir(default_path)countries": 0.002403846153846154,
        "food_info": 0.004807692307692308,
        "DQ": 0.004807692307692308,
        "array": 0.004807692307692308,
        "fig": 0.002403846153846154,
        "r": 0.004807692307692308,
        "b": 0.004807692307692308,
        "x_values": 0.002403846153846154,
        "plot_list": 0.004807692307692308,
        "channel_states": 0.002403846153846154,
        "gross_list": 0.007211538461538462,
        "g": 0.014423076923076924,
        "data": 0.028846153846153848,
        "tic": 0.009615384615384616,
        "ax": 0.007211538461538462,
        "X_test": 0.007211538461538462,
        "start": 0.004807692307692308,
        "outlier_data['residual'][i]": 0.009615384615384616,
        "resampled_df": 0.014423076923076924,
        "big_mat2": 0.002403846153846154,
        "X": 0.002403846153846154,
        "price": 0.004807692307692308,
        "H": 0.002403846153846154,
        "sentences": 0.002403846153846154,
        "per_school_summary_df[\"SpendingRanges(PerStudent)\"]": 0.002403846153846154,
        "mismP": 0.007211538461538462,
        "model": 0.01201923076923077,
        "small_df": 0.002403846153846154,
        "response": 0.002403846153846154,
        "plt.imshow(output_weight.reshape([2,20]),cmap": 0.002403846153846154,
        "test_acc": 0.002403846153846154,
        "f3,axs3": 0.002403846153846154,
        "X_TF_train": 0.002403846153846154,
        "returns": 0.002403846153846154,
        "indices": 0.004807692307692308,
        "zeros": 0.002403846153846154,
        "mdl": 0.002403846153846154,
        "anddirty_data['time'][i]<": 0.007211538461538462,
        "dirty_data['time']": 0.002403846153846154,
        "summary": 0.002403846153846154,
        "emoji_pattern": 0.002403846153846154,
        "B_line_inv": 0.002403846153846154,
        "df_json": 0.002403846153846154,
        "kf": 0.002403846153846154,
        "correct_scores": 0.002403846153846154,
        "budget_df['release_date']": 0.002403846153846154,
        "data1": 0.004807692307692308,
        "sc_X": 0.002403846153846154,
        "mpaa_list": 0.004807692307692308,
        "df_train": 0.002403846153846154,
        "xtrain,xtest,ytrain,ytest": 0.002403846153846154,
        "train": 0.004807692307692308,
        "training_data_len": 0.002403846153846154,
        "Y": 0.004807692307692308,
        "cf_a": 0.002403846153846154,
        "bins": 0.002403846153846154,
        "v": 0.002403846153846154,
        "df_clean[\"date\"]": 0.002403846153846154,
        "actors": 0.004807692307692308,
        "DV": 0.002403846153846154,
        "submission": 0.002403846153846154,
        "f,ax": 0.007211538461538462,
        "X,y": 0.002403846153846154,
        "DP": 0.004807692307692308,
        "food_review_total": 0.002403846153846154,
        "J1": 0.002403846153846154,
        "directors_list": 0.007211538461538462,
        "a1": 0.002403846153846154,
        "N": 0.002403846153846154,
        "batch_y": 0.002403846153846154,
        "clf": 0.004807692307692308,
        "max_sharpe[date]": 0.002403846153846154,
        "mismQ": 0.007211538461538462,
        "pmi_dist_matrix": 0.002403846153846154,
        "dinner_prices": 0.002403846153846154,
        "model_tp": 0.002403846153846154,
        "actor_ratings": 0.002403846153846154,
        "normalSample": 0.002403846153846154,
        "cities": 0.002403846153846154,
        "Q1": 0.002403846153846154,
        "mean_tpr": 0.002403846153846154,
        "x_train": 0.002403846153846154,
        "x": 0.004807692307692308,
        "ones": 0.002403846153846154,
        "big_mat1": 0.002403846153846154,
        "dataset": 0.002403846153846154,
        "mean_image": 0.002403846153846154,
        "rmse": 0.004807692307692308,
        "dataframe": 0.002403846153846154,
        "x_train,y_train": 0.002403846153846154,
        "a": 0.009615384615384616,
        "J": 0.002403846153846154,
        "class_names": 0.002403846153846154,
        "x_test": 0.004807692307692308,
        "B_line": 0.002403846153846154,
        "df_raw": 0.004807692307692308,
        "tij": 0.007211538461538462,
        "score": 0.004807692307692308,
        "dummy_variable_1": 0.002403846153846154,
        "self.fires": 0.004807692307692308,
        "tjj": 0.004807692307692308,
        "tiny_image": 0.004807692307692308,
        "pca_ll_dist_matrix": 0.002403846153846154,
        "food_info_total": 0.004807692307692308,
        "A": 0.002403846153846154,
        "movie_ratings": 0.002403846153846154,
        "v_abs_mean": 0.002403846153846154,
        "tii": 0.002403846153846154,
        "start_time": 0.002403846153846154,
        "dtree": 0.002403846153846154,
        "fires": 0.002403846153846154,
        "mask": 0.002403846153846154,
        "X_train": 0.002403846153846154,
        "reloaded_df": 0.002403846153846154,
        "dirty_data['order_items'][i]": 0.007211538461538462,
        "raw_dist_matrix": 0.002403846153846154,
        "X_TF_pred": 0.002403846153846154,
        "add_cf": 0.002403846153846154,
        "bestfeatures": 0.002403846153846154,
        "X_val": 0.002403846153846154,
        "max_sims": 0.004807692307692308,
        "kmeans": 0.002403846153846154,
        "sc": 0.002403846153846154,
        "train_data": 0.002403846153846154,
        "range_arrays": 0.002403846153846154,
        "val_class_names": 0.002403846153846154,
        "out_index.append(i)Q1": 0.002403846153846154,
        "t": 0.002403846153846154,
        "qtable": 0.002403846153846154,
        "budget_list": 0.004807692307692308,