{
    "STRUCTURED_DATA": {
        "test_acc": 0.3333333333333333,
        "self._data": 0.6666666666666666
    },
    "REQUESTS": {
        "col": 0.043478260869565216,
        "dum": 0.043478260869565216,
        "df_full": 0.043478260869565216,
        "df['mo_earliest_credit']": 0.043478260869565216,
        "df['term']": 0.043478260869565216,
        "df['int_rate']": 0.043478260869565216,
        "df['emp_length']": 0.043478260869565216,
        "df['revol_util']": 0.043478260869565216,
        "rfc": 0.043478260869565216,
        "X_train,X_test,y_train,y_test": 0.13043478260869565,
        "gc": 0.043478260869565216,
        "gbc": 0.043478260869565216,
        "dataset": 0.043478260869565216,
        "sc": 0.043478260869565216,
        "admitdata": 0.043478260869565216,
        "log_reg": 0.043478260869565216,
        "cnf_matrix": 0.043478260869565216,
        "result": 0.043478260869565216,
        "fpr,tpr,thresholds": 0.043478260869565216,
        "ad_data": 0.043478260869565216,
        "logmodel": 0.043478260869565216
    },
    "CS771": {
        "predictionsY_test": 0.25,
        "X_train": 0.25,
        "Y_train": 0.25,
        "X_test": 0.25
    },
    "TENSOR_FLOW": {
        "x": 0.140625,
        "corpus": 0.03125,
        "self.h": 0.015625,
        "self.c": 0.015625,
        "lstm_b": 0.0625,
        "affine_b": 0.0625,
        "lstm_b1": 0.015625,
        "lstm_b2": 0.015625,
        "out": 0.09375,
        "hs": 0.03125,
        "dxs": 0.015625,
        "dhs": 0.015625,
        "A": 0.015625,
        "dWh": 0.015625,
        "dWx": 0.015625,
        "dx": 0.03125,
        "dh_prev": 0.015625,
        "dW": 0.015625,
        "sample_id": 0.015625,
        "char_id": 0.015625,
        "db": 0.015625,
        "total_norm+": 0.015625,
        "ls": 0.015625,
        "total_norm": 0.015625,
        "g": 0.015625,
        "tanh_c_next": 0.015625,
        "dA": 0.015625,
        "indices": 0.015625,
        "t": 0.015625,
        "start_time": 0.015625,
        "elapsed_time": 0.015625,
        "train": 0.015625,
        "test": 0.015625,
        "train_smp": 0.015625,
        "train['click_time']": 0.015625,
        "train['attributed_time']": 0.015625,
        "test['click_time']": 0.015625,
        "train_smp['click_time']": 0.015625,
        "train_smp['attributed_time']": 0.015625,
        "fig": 0.015625,
        "ax": 0.03125
    },
    "SCIKIT_LEARN_VISUALIZATION": {
        "df": 0.2727272727272727,
        "x_train,x_test,y_train,y_test": 0.09090909090909091,
        "pac": 0.09090909090909091,
        "score": 0.09090909090909091,
        "df_test": 0.09090909090909091,
        "mu_X": 0.09090909090909091,
        "std_X": 0.09090909090909091,
        "lr": 0.09090909090909091,
        "sk_lr": 0.09090909090909091
    },
    "SCIKIT_LEARN_WITH_NATURAL_LANGUAGE_PROCESSING": {
        "df": 0.3,
        "time": 0.3,
        "list_files": 0.1,
        "ax": 0.1,
        "fig": 0.2
    },
    "SCIENTIFIC_COMPUTING": {
        "a": 0.8333333333333334,
        "b": 0.16666666666666666
    },
    "STRUCTURED_DATA_VISUALIZATION_2": {
        "df": 0.24,
        "NKE": 0.04,
        "JPM": 0.04,
        "SBUX": 0.04,
        "BRK_B": 0.04,
        "RRC": 0.04,
        "CAR": 0.04,
        "COST": 0.04,
        "JanReturn": 0.08,
        "FebReturn": 0.08,
        "MarReturn": 0.08,
        "index": 0.08,
        "exp_returns_monthly": 0.12,
        "target_returns": 0.04
    },
    "IPython": {
        "display_grid": 0.1,
        "results": 0.1,
        "channel_image": 0.1,
        "x": 0.3,
        "heatmap": 0.3,
        "img_tensor": 0.1
    },
    "DEEP_NEURAL_NETWORKS": {
        "noise_tensor": 1.0
    },
    "NUMPY_VISUALIZATION": {
        "df": 0.5,
        "le": 0.5
    },
    "SCIKIT_LEARN": {
        "NaN": 0.1,
        "df": 0.1,
        "data": 0.1,
        "x": 0.3,
        "base_prior": 0.1,
        "multiplier_prior": 0.1,
        "error_prior": 0.1,
        "encoder": 0.1
    }
}