{
    "CLUSTER_1": {
        "everything": 0.011235955056179775,
        "durations": 0.02247191011235955,
        "flist": 0.0449438202247191,
        "delta": 0.011235955056179775,
        "X_train,X_test,y_train,y_test": 0.011235955056179775,
        "fig": 0.20224719101123595,
        "figsize": 0.02247191011235955,
        "fig,axes": 0.011235955056179775,
        "frame": 0.011235955056179775,
        "yhat": 0.0449438202247191,
        "alarms_over_1_min": 0.011235955056179775,
        "stamp": 0.011235955056179775,
        "fpr,tpr,thresholds": 0.011235955056179775,
        "pred": 0.011235955056179775,
        "y": 0.011235955056179775,
        "images": 0.02247191011235955,
        "all_durations": 0.011235955056179775,
        "numbered": 0.0449438202247191,
        "writer": 0.11235955056179775,
        "alarm_settings_2[recording]": 0.011235955056179775,
        "skf": 0.02247191011235955,
        "y_train": 0.011235955056179775,
        "stats_all": 0.056179775280898875,
        "y_test": 0.011235955056179775,
        "X_test_cnn": 0.011235955056179775,
        "clinical_details": 0.011235955056179775,
        "a": 0.011235955056179775,
        "alarm_t": 0.011235955056179775,
        "error": 0.02247191011235955,
        "roc_auc+": 0.011235955056179775,
        "labels": 0.011235955056179775,
        "recording_times_frame": 0.011235955056179775,
        "alarm_stats_cum_rec": 0.011235955056179775,
        "total_recording_time": 0.011235955056179775,
        "x_train_up": 0.011235955056179775,
        "yhat_cnn": 0.011235955056179775,
        "X_train_cnn": 0.011235955056179775,
        "alarm_stats_cum_total": 0.011235955056179775,
        "alarms_over_1_hour": 0.011235955056179775,
        "yhat_mlp": 0.011235955056179775,
        "mean_fpr": 0.011235955056179775,
        "fig,ax": 0.011235955056179775,
        "x_test_up": 0.011235955056179775,
        "classes": 0.011235955056179775,
        "ind": 0.011235955056179775
    },
    "CLUSTER_12": {
        "scaler": 0.027777777777777776,
        "training_loss": 0.027777777777777776,
        "pca": 0.05555555555555555,
        "french_words_counter": 0.027777777777777776,
        "sstot": 0.027777777777777776,
        "X_train,X_test,y_train,y_test": 0.05555555555555555,
        "au_1062bio": 0.027777777777777776,
        "var": 0.027777777777777776,
        "scale": 0.05555555555555555,
        "X_test": 0.05555555555555555,
        "sentences": 0.027777777777777776,
        "df": 0.05555555555555555,
        "xtrain,xtest,ytrain,ytest": 0.027777777777777776,
        "training_data_len": 0.027777777777777776,
        "f_test": 0.027777777777777776,
        "AUC": 0.027777777777777776,
        "mlp": 0.027777777777777776,
        "clf": 0.027777777777777776,
        "x_train": 0.027777777777777776,
        "fig1,ax1": 0.027777777777777776,
        "x_train,y_train": 0.027777777777777776,
        "x_test": 0.05555555555555555,
        "y_true,y_pred": 0.027777777777777776,
        "data": 0.05555555555555555,
        "principalDf": 0.027777777777777776,
        "embedding_matrix": 0.027777777777777776,
        "wine": 0.027777777777777776,
        "tsne": 0.027777777777777776,
        "regr": 0.027777777777777776
    },
    "CLUSTER_2": {
        "B": 0.08333333333333333,
        "r": 0.16666666666666666,
        "big_mat2": 0.08333333333333333,
        "big_mat1": 0.08333333333333333,
        "A": 0.08333333333333333,
        "df": 0.08333333333333333,
        "start": 0.08333333333333333,
        "ys": 0.08333333333333333,
        "spin": 0.08333333333333333,
        "return(100.0*np.sum(np.argmax(predictions,1)": 0.08333333333333333,
        "cwd": 0.08333333333333333
    },
    "CLUSTER_9": {
        "fig": 0.07142857142857142,
        "ifpxy": 0.014285714285714285,
        "movies_list": 0.15714285714285714,
        "std": 0.014285714285714285,
        "writers_list": 0.04285714285714286,
        "writer_ratings": 0.02857142857142857,
        "freqReviewDf": 0.014285714285714285,
        "pmi": 0.014285714285714285,
        "hotelDfRaw": 0.014285714285714285,
        "pmidf": 0.02857142857142857,
        "os.chdir(default_path)countries": 0.014285714285714285,
        "food_info": 0.02857142857142857,
        "plot_list": 0.02857142857142857,
        "gross_list": 0.04285714285714286,
        "pmineglist": 0.014285714285714285,
        "emoji_pattern": 0.014285714285714285,
        "mpaa_list": 0.02857142857142857,
        "miScoredf": 0.014285714285714285,
        "actors": 0.02857142857142857,
        "counter": 0.02857142857142857,
        "food_review_total": 0.014285714285714285,
        "directors_list": 0.04285714285714286,
        "tempCounter": 0.014285714285714285,
        "actor_ratings": 0.014285714285714285,
        "cities": 0.014285714285714285,
        "indices": 0.014285714285714285,
        "food_info_total": 0.02857142857142857,
        "movie_ratings": 0.014285714285714285,
        "pmiposlist": 0.014285714285714285,
        "cmap": 0.04285714285714286,
        "budget_list": 0.02857142857142857,
        "movies": 0.02857142857142857,
        "food_review_merge": 0.014285714285714285,
        "director_ratings": 0.014285714285714285,
        "df_food_review": 0.014285714285714285,
        "genres_list": 0.014285714285714285,
        "reviewDf": 0.014285714285714285,
        "x": 0.014285714285714285
    },
    "CLUSTER_4": {
        "fig,ax": 0.10476190476190476,
        "X_train,X_test,y_train,y_test": 0.2,
        "lin_reg_2": 0.01904761904761905,
        "score": 0.01904761904761905,
        "rf": 0.12380952380952381,
        "cm": 0.10476190476190476,
        "poly_reg": 0.009523809523809525,
        "g": 0.02857142857142857,
        "data": 0.01904761904761905,
        "ax": 0.009523809523809525,
        "resampled_df": 0.05714285714285714,
        "X": 0.009523809523809525,
        "sc_X": 0.009523809523809525,
        "df_train": 0.009523809523809525,
        "submission": 0.009523809523809525,
        "f,ax": 0.02857142857142857,
        "X,y": 0.009523809523809525,
        "X_std_test": 0.009523809523809525,
        "rmse": 0.01904761904761905,
        "classes": 0.009523809523809525,
        "pca": 0.009523809523809525,
        "train": 0.009523809523809525,
        "df": 0.02857142857142857,
        "X_std": 0.009523809523809525,
        "reloaded_df": 0.009523809523809525,
        "fig,axes": 0.009523809523809525,
        "kmeans": 0.009523809523809525,
        "train_data": 0.009523809523809525,
        "test": 0.009523809523809525,
        "ss": 0.009523809523809525,
        "df_1": 0.009523809523809525,
        "sklearn_pca": 0.009523809523809525,
        "estimator": 0.009523809523809525,
        "data['dist']": 0.009523809523809525,
        "random_df": 0.009523809523809525,
        "train_Y": 0.009523809523809525,
        "data['DATE']": 0.009523809523809525,
        "X_grid": 0.009523809523809525
    },
    "CLUSTER_6": {
        "fig": 0.13333333333333333,
        "size": 0.06666666666666667,
        "self.all_weights": 0.06666666666666667,
        "data": 0.06666666666666667,
        "diff": 0.06666666666666667,
        "ax": 0.13333333333333333,
        "im": 0.06666666666666667,
        "self.key_pts_frame": 0.06666666666666667,
        "key_pts_copy": 0.06666666666666667,
        "fig,ax": 0.06666666666666667,
        "image_copy": 0.06666666666666667,
        "class_sort": 0.06666666666666667,
        "trained_label": 0.06666666666666667
    },
    "CLUSTER_3": {
        "outlier_data['date']": 0.023809523809523808,
        "df": 0.023809523809523808,
        "lm_tp": 0.023809523809523808,
        "fold": 0.023809523809523808,
        "outlier_data['residual'][i]": 0.09523809523809523,
        "price": 0.047619047619047616,
        "per_school_summary_df[\"SpendingRanges(PerStudent)\"]": 0.023809523809523808,
        "model": 0.047619047619047616,
        "anddirty_data['time'][i]<": 0.07142857142857142,