{
    "CLUSTER_10": {
        "everything": 0.03225806451612903,
        "X_train,X_test,y_train,y_test": 0.03225806451612903,
        "figsize": 0.06451612903225806,
        "fig,axes": 0.03225806451612903,
        "yhat": 0.12903225806451613,
        "fpr,tpr,thresholds": 0.03225806451612903,
        "pred": 0.03225806451612903,
        "images": 0.06451612903225806,
        "skf": 0.06451612903225806,
        "y_train": 0.03225806451612903,
        "y_test": 0.03225806451612903,
        "X_test_cnn": 0.03225806451612903,
        "error": 0.06451612903225806,
        "roc_auc+": 0.03225806451612903,
        "labels": 0.03225806451612903,
        "x_train_up": 0.03225806451612903,
        "yhat_cnn": 0.03225806451612903,
        "X_train_cnn": 0.03225806451612903,
        "yhat_mlp": 0.03225806451612903,
        "mean_fpr": 0.03225806451612903,
        "fig,ax": 0.03225806451612903,
        "x_test_up": 0.03225806451612903,
        "classes": 0.03225806451612903,
        "ind": 0.03225806451612903
    },
    "CLUSTER_12": {
        "scaler": 0.011764705882352941,
        "durations": 0.023529411764705882,
        "flist": 0.047058823529411764,
        "df_l": 0.07058823529411765,
        "delta": 0.011764705882352941,
        "fig,axes": 0.07058823529411765,
        "df_r": 0.058823529411764705,
        "fig": 0.21176470588235294,
        "fig,ax": 0.011764705882352941,
        "frame": 0.011764705882352941,
        "data": 0.011764705882352941,
        "alarms_over_1_min": 0.011764705882352941,
        "stamp": 0.011764705882352941,
        "X_test": 0.023529411764705882,
        "all_durations": 0.011764705882352941,
        "numbered": 0.047058823529411764,
        "writer": 0.11764705882352941,
        "alarm_settings_2[recording]": 0.011764705882352941,
        "training_data_len": 0.011764705882352941,
        "stats_all": 0.058823529411764705,
        "clinical_details": 0.011764705882352941,
        "x_train": 0.011764705882352941,
        "alarm_t": 0.011764705882352941,
        "x_train,y_train": 0.011764705882352941,
        "x_test": 0.023529411764705882,
        "recording_times_frame": 0.011764705882352941,
        "alarm_stats_cum_rec": 0.011764705882352941,
        "total_recording_time": 0.011764705882352941,
        "alarm_stats_cum_total": 0.011764705882352941,
        "df": 0.011764705882352941,
        "alarms_over_1_hour": 0.011764705882352941,
        "data['DATE']": 0.011764705882352941
    },
    "CLUSTER_1": {
        "B": 0.023809523809523808,
        "outlier_data['date']": 0.023809523809523808,
        "lm_tp": 0.023809523809523808,
        "os.chdir(default_path)countries": 0.023809523809523808,
        "food_info": 0.047619047619047616,
        "outlier_data['residual'][i]": 0.09523809523809523,
        "price": 0.047619047619047616,
        "anddirty_data['time'][i]<": 0.07142857142857142,
        "dirty_data['time']": 0.023809523809523808,
        "emoji_pattern": 0.023809523809523808,
        "food_review_total": 0.023809523809523808,
        "dinner_prices": 0.023809523809523808,
        "model_tp": 0.023809523809523808,
        "cities": 0.023809523809523808,
        "Q1": 0.023809523809523808,
        "a": 0.07142857142857142,
        "food_info_total": 0.047619047619047616,
        "A": 0.023809523809523808,
        "df": 0.023809523809523808,
        "start": 0.023809523809523808,
        "dirty_data['order_items'][i]": 0.07142857142857142,
        "out_index.append(i)Q1": 0.023809523809523808,
        "lunch_prices": 0.023809523809523808,
        "missing_data['date']": 0.023809523809523808,
        "spin": 0.023809523809523808,
        "df_test": 0.023809523809523808,
        "food_review_merge": 0.023809523809523808,
        "df_food_review": 0.023809523809523808,
        "cwd": 0.023809523809523808,
        "dirty_data['date']": 0.023809523809523808
    },
    "CLUSTER_7": {
        "training_loss": 0.013888888888888888,
        "fig": 0.06944444444444445,
        "fig,ax": 0.1388888888888889,
        "ifpxy": 0.013888888888888888,
        "pca": 0.027777777777777776,
        "featureScores": 0.013888888888888888,
        "freqReviewDf": 0.013888888888888888,
        "pmi": 0.013888888888888888,
        "hotelDfRaw": 0.013888888888888888,
        "sstot": 0.013888888888888888,
        "pmidf": 0.027777777777777776,
        "X_train,X_test,y_train,y_test": 0.041666666666666664,
        "au_1062bio": 0.013888888888888888,
        "g": 0.041666666666666664,
        "var": 0.013888888888888888,
        "scale": 0.027777777777777776,
        "pmineglist": 0.013888888888888888,
        "indices": 0.013888888888888888,
        "summary": 0.013888888888888888,
        "miScoredf": 0.013888888888888888,
        "f,ax": 0.041666666666666664,
        "counter": 0.027777777777777776,
        "f_test": 0.013888888888888888,
        "X,y": 0.013888888888888888,
        "AUC": 0.013888888888888888,
        "tempCounter": 0.013888888888888888,
        "mlp": 0.013888888888888888,
        "clf": 0.013888888888888888,
        "fig1,ax1": 0.013888888888888888,
        "df_raw": 0.027777777777777776,
        "y_true,y_pred": 0.013888888888888888,
        "pmiposlist": 0.013888888888888888,
        "model": 0.013888888888888888,
        "dtree": 0.013888888888888888,
        "cmap": 0.041666666666666664,
        "data": 0.013888888888888888,
        "bestfeatures": 0.013888888888888888,
        "train_data": 0.013888888888888888,
        "principalDf": 0.013888888888888888,
        "data['dist']": 0.013888888888888888,
        "tsne": 0.013888888888888888,
        "dfcolumns": 0.013888888888888888,
        "random_df": 0.013888888888888888,
        "reviewDf": 0.013888888888888888,
        "x": 0.013888888888888888,
        "regr": 0.013888888888888888
    },
    "CLUSTER_9": {
        "fig": 0.05405405405405406,
        "tr_finite": 0.02702702702702703,
        "roc_auc[\"macro\"]": 0.02702702702702703,
        "size": 0.02702702702702703,
        "self.all_weights": 0.02702702702702703,
        "fpr[\"micro\"],tpr[\"micro\"],_": 0.02702702702702703,
        "data": 0.02702702702702703,
        "array": 0.05405405405405406,
        "ax": 0.05405405405405406,
        "im": 0.02702702702702703,
        "test_acc": 0.02702702702702703,
        "X_TF_train": 0.02702702702702703,
        "self.key_pts_frame": 0.02702702702702703,
        "clf": 0.05405405405405406,
        "mean_tpr": 0.02702702702702703,
        "key_pts_copy": 0.02702702702702703,
        "x": 0.02702702702702703,
        "class_names": 0.02702702702702703,
        "imageTest": 0.02702702702702703,
        "res": 0.05405405405405406,
        "X_TF_pred": 0.02702702702702703,
        "val_class_names": 0.02702702702702703,
        "roc_auc[\"micro\"]": 0.02702702702702703,
        "fig,ax": 0.02702702702702703,
        "image_copy": 0.02702702702702703,
        "sample": 0.02702702702702703,
        "self._data": 0.02702702702702703,
        "y_TF_train": 0.02702702702702703,
        "class_sort": 0.02702702702702703,
        "files": 0.02702702702702703,
        "y_TF_pred": 0.02702702702702703,
        "trained_label": 0.02702702702702703
    },
    "CLUSTER_3": {
        "movies_list": 0.18333333333333332,
        "std": 0.016666666666666666,
        "df": 0.016666666666666666,
        "writers_list": 0.05,
        "fold": 0.016666666666666666,
        "writer_ratings": 0.03333333333333333,
        "x_values": 0.016666666666666666,
        "plot_list": 0.03333333333333333,
        "gross_list": 0.05,
        "per_school_summary_df[\"SpendingRanges(PerStudent)\"]": 0.016666666666666666,
        "model": 0.03333333333333333,
        "df_json": 0.016666666666666666,
        "kf": 0.016666666666666666,
        "budget_df['release_date']": 0.016666666666666666,
        "mpaa_list": 0.03333333333333333,
        "data": 0.08333333333333333,
        "train": 0.016666666666666666,
        "actors": 0.03333333333333333,
        "directors_list": 0.05,