{
    "CLUSTER_0": {
        "everything": 0.001838235294117647,
        "scaler": 0.001838235294117647,
        "B": 0.0055147058823529415,
        "training_loss": 0.001838235294117647,
        "durations": 0.003676470588235294,
        "fig,ax": 0.027573529411764705,
        "fig": 0.03860294117647059,
        "flist": 0.007352941176470588,
        "movies_list": 0.02022058823529412,
        "X_train,X_test,y_train,y_test": 0.04779411764705882,
        "std": 0.001838235294117647,
        "lin_reg_2": 0.003676470588235294,
        "score": 0.007352941176470588,
        "pca": 0.0055147058823529415,
        "outlier_data['date']": 0.001838235294117647,
        "df_l": 0.011029411764705883,
        "axes": 0.001838235294117647,
        "df": 0.022058823529411766,
        "lm_tp": 0.001838235294117647,
        "features": 0.001838235294117647,
        "delta": 0.001838235294117647,
        "writers_list": 0.0055147058823529415,
        "fold": 0.001838235294117647,
        "G": 0.003676470588235294,
        "rf": 0.02389705882352941,
        "fig,axes": 0.014705882352941176,
        "featureScores": 0.001838235294117647,
        "tr_finite": 0.001838235294117647,
        "roc_auc[\"macro\"]": 0.001838235294117647,
        "J2": 0.001838235294117647,
        "writer_ratings": 0.003676470588235294,
        "action": 0.001838235294117647,
        "B_2line": 0.001838235294117647,
        "cm": 0.022058823529411766,
        "cf": 0.009191176470588236,
        "french_words_counter": 0.001838235294117647,
        "trainX,testX,trainy,testy": 0.0055147058823529415,
        "df_r": 0.009191176470588236,
        "poly_reg": 0.001838235294117647,
        "data2": 0.001838235294117647,
        "size": 0.001838235294117647,
        "self.all_weights": 0.001838235294117647,
        "accuracies": 0.001838235294117647,
        "fpr[\"micro\"],tpr[\"micro\"],_": 0.001838235294117647,
        "figsize": 0.003676470588235294,
        "data": 0.02389705882352941,
        "sstot": 0.001838235294117647,
        "os.chdir(default_path)countries": 0.001838235294117647,
        "food_info": 0.003676470588235294,
        "DQ": 0.003676470588235294,
        "array": 0.003676470588235294,
        "r": 0.003676470588235294,
        "b": 0.003676470588235294,
        "x_values": 0.001838235294117647,
        "plot_list": 0.003676470588235294,
        "channel_states": 0.001838235294117647,
        "gross_list": 0.0055147058823529415,
        "au_1062bio": 0.001838235294117647,
        "g": 0.011029411764705883,
        "diff": 0.001838235294117647,
        "frame": 0.001838235294117647,
        "yhat": 0.007352941176470588,
        "alarms_over_1_min": 0.001838235294117647,
        "stamp": 0.001838235294117647,
        "tic": 0.007352941176470588,
        "var": 0.001838235294117647,
        "scale": 0.003676470588235294,
        "ax": 0.009191176470588236,
        "X_test": 0.0055147058823529415,
        "fpr,tpr,thresholds": 0.001838235294117647,
        "start": 0.003676470588235294,
        "outlier_data['residual'][i]": 0.007352941176470588,
        "pred": 0.001838235294117647,
        "resampled_df": 0.011029411764705883,
        "big_mat2": 0.001838235294117647,
        "X": 0.001838235294117647,
        "price": 0.003676470588235294,
        "H": 0.001838235294117647,
        "sentences": 0.001838235294117647,
        "per_school_summary_df[\"SpendingRanges(PerStudent)\"]": 0.001838235294117647,
        "mismP": 0.0055147058823529415,
        "im": 0.001838235294117647,
        "images": 0.003676470588235294,
        "model": 0.009191176470588236,
        "small_df": 0.001838235294117647,
        "response": 0.001838235294117647,
        "plt.imshow(output_weight.reshape([2,20]),cmap": 0.001838235294117647,
        "test_acc": 0.001838235294117647,
        "f3,axs3": 0.001838235294117647,
        "X_TF_train": 0.001838235294117647,
        "returns": 0.001838235294117647,
        "indices": 0.003676470588235294,
        "zeros": 0.001838235294117647,
        "all_durations": 0.001838235294117647,
        "mdl": 0.001838235294117647,
        "anddirty_data['time'][i]<": 0.0055147058823529415,
        "dirty_data['time']": 0.001838235294117647,
        "numbered": 0.007352941176470588,
        "summary": 0.001838235294117647,
        "writer": 0.01838235294117647,
        "alarm_settings_2[recording]": 0.001838235294117647,
        "skf": 0.003676470588235294,
        "emoji_pattern": 0.001838235294117647,
        "y_train": 0.001838235294117647,
        "B_line_inv": 0.001838235294117647,
        "df_json": 0.001838235294117647,
        "kf": 0.001838235294117647,
        "correct_scores": 0.001838235294117647,
        "budget_df['release_date']": 0.001838235294117647,
        "data1": 0.003676470588235294,
        "sc_X": 0.001838235294117647,
        "mpaa_list": 0.003676470588235294,
        "df_train": 0.001838235294117647,
        "xtrain,xtest,ytrain,ytest": 0.001838235294117647,
        "train": 0.003676470588235294,
        "training_data_len": 0.001838235294117647,
        "Y": 0.003676470588235294,
        "cf_a": 0.001838235294117647,
        "bins": 0.001838235294117647,
        "self.key_pts_frame": 0.001838235294117647,
        "v": 0.001838235294117647,
        "stats_all": 0.009191176470588236,
        "df_clean[\"date\"]": 0.001838235294117647,
        "actors": 0.003676470588235294,
        "DV": 0.001838235294117647,
        "submission": 0.001838235294117647,
        "f,ax": 0.0055147058823529415,
        "f_test": 0.001838235294117647,
        "X,y": 0.001838235294117647,
        "AUC": 0.001838235294117647,
        "DP": 0.003676470588235294,
        "food_review_total": 0.001838235294117647,
        "J1": 0.001838235294117647,
        "y_test": 0.001838235294117647,
        "X_std_test": 0.001838235294117647,
        "directors_list": 0.0055147058823529415,
        "a1": 0.001838235294117647,
        "X_test_cnn": 0.001838235294117647,
        "N": 0.001838235294117647,
        "batch_y": 0.001838235294117647,
        "clf": 0.0055147058823529415,
        "mlp": 0.001838235294117647,
        "max_sharpe[date]": 0.001838235294117647,
        "clinical_details": 0.001838235294117647,
        "mismQ": 0.0055147058823529415,
        "pmi_dist_matrix": 0.001838235294117647,
        "dinner_prices": 0.001838235294117647,
        "model_tp": 0.001838235294117647,
        "actor_ratings": 0.001838235294117647,
        "normalSample": 0.001838235294117647,
        "cities": 0.001838235294117647,
        "Q1": 0.001838235294117647,
        "mean_tpr": 0.001838235294117647,
        "key_pts_copy": 0.001838235294117647,
        "x_train": 0.001838235294117647,
        "x": 0.003676470588235294,
        "ones": 0.001838235294117647,
        "big_mat1": 0.001838235294117647,
        "dataset": 0.001838235294117647,
        "fig1,ax1": 0.001838235294117647,
        "mean_image": 0.001838235294117647,
        "rmse": 0.003676470588235294,
        "dataframe": 0.001838235294117647,
        "alarm_t": 0.001838235294117647,
        "x_train,y_train": 0.001838235294117647,
        "error": 0.003676470588235294,
        "a": 0.007352941176470588,
        "J": 0.001838235294117647,
        "roc_auc+": 0.001838235294117647,
        "class_names": 0.001838235294117647,
        "labels": 0.001838235294117647,
        "x_test": 0.003676470588235294,
        "B_line": 0.001838235294117647,
        "df_raw": 0.003676470588235294,
        "tij": 0.0055147058823529415,
        "dummy_variable_1": 0.001838235294117647,
        "classes": 0.003676470588235294,
        "self.fires": 0.003676470588235294,
        "tjj": 0.003676470588235294,
        "tiny_image": 0.003676470588235294,
        "pca_ll_dist_matrix": 0.001838235294117647,
        "y_true,y_pred": 0.001838235294117647,
        "food_info_total": 0.003676470588235294,
        "A": 0.001838235294117647,
        "movie_ratings": 0.001838235294117647,
        "v_abs_mean": 0.001838235294117647,