{
    "CLUSTER_12": {
        "fig1,ax1": 0.043478260869565216,
        "mlp": 0.043478260869565216,
        "y_true,y_pred": 0.043478260869565216,
        "var": 0.043478260869565216,
        "pca": 0.08695652173913043,
        "scale": 0.08695652173913043,
        "f_test": 0.043478260869565216,
        "principalDf": 0.043478260869565216,
        "clf": 0.043478260869565216,
        "au_1062bio_feature": 0.043478260869565216,
        "tsne": 0.043478260869565216,
        "sstot": 0.043478260869565216,
        "training_loss": 0.043478260869565216,
        "au_1062bio": 0.08695652173913043,
        "rmse": 0.043478260869565216,
        "AUC": 0.043478260869565216,
        "regr": 0.043478260869565216,
        "Epsilon": 0.043478260869565216,
        "ssres": 0.043478260869565216,
        "X_train,X_test,y_train,y_test": 0.043478260869565216
    },
    "CLUSTER_11": {
        "test_acc": 0.3333333333333333,
        "self._labels": 0.3333333333333333,
        "self._data": 0.3333333333333333
    },
    "CLUSTER_2": {
        "b": 0.3333333333333333,
        "df_1": 0.3333333333333333,
        "df": 0.3333333333333333
    },
    "CLUSTER_5": {
        "bet_number": 0.5,
        "spin": 0.5
    }
}