{
    "CLUSTER_5": {
        "everything": 0.03225806451612903,
        "yhat": 0.12903225806451613,
        "fpr,tpr,thresholds": 0.03225806451612903,
        "pred": 0.03225806451612903,
        "images": 0.06451612903225806,
        "skf": 0.06451612903225806,
        "y_train": 0.03225806451612903,
        "y_test": 0.03225806451612903,
        "X_test_cnn": 0.03225806451612903,
        "error": 0.06451612903225806,
        "roc_auc+": 0.03225806451612903,
        "labels": 0.03225806451612903,
        "imageTest": 0.03225806451612903,
        "res": 0.06451612903225806,
        "x_train_up": 0.03225806451612903,
        "yhat_cnn": 0.03225806451612903,
        "X_train_cnn": 0.03225806451612903,
        "sample": 0.03225806451612903,
        "yhat_mlp": 0.03225806451612903,
        "mean_fpr": 0.03225806451612903,
        "fig,ax": 0.03225806451612903,
        "x_test_up": 0.03225806451612903,
        "classes": 0.03225806451612903,
        "ind": 0.03225806451612903
    },
    "CLUSTER_0": {
        "scaler": 0.0020833333333333333,
        "B": 0.00625,
        "durations": 0.004166666666666667,
        "fig,ax": 0.027083333333333334,
        "flist": 0.008333333333333333,
        "movies_list": 0.022916666666666665,
        "X_train,X_test,y_train,y_test": 0.05,
        "std": 0.0020833333333333333,
        "lin_reg_2": 0.004166666666666667,
        "score": 0.008333333333333333,
        "outlier_data['date']": 0.0020833333333333333,
        "df_l": 0.0125,
        "axes": 0.0020833333333333333,
        "df": 0.025,
        "lm_tp": 0.0020833333333333333,
        "features": 0.0020833333333333333,
        "delta": 0.0020833333333333333,
        "writers_list": 0.00625,
        "fold": 0.0020833333333333333,
        "G": 0.004166666666666667,
        "rf": 0.027083333333333334,
        "fig,axes": 0.016666666666666666,
        "featureScores": 0.0020833333333333333,
        "tr_finite": 0.0020833333333333333,
        "roc_auc[\"macro\"]": 0.0020833333333333333,
        "J2": 0.0020833333333333333,
        "writer_ratings": 0.004166666666666667,
        "action": 0.0020833333333333333,
        "B_2line": 0.0020833333333333333,
        "cm": 0.025,
        "cf": 0.010416666666666666,
        "french_words_counter": 0.0020833333333333333,
        "trainX,testX,trainy,testy": 0.00625,
        "df_r": 0.010416666666666666,
        "poly_reg": 0.0020833333333333333,
        "data2": 0.0020833333333333333,
        "fig": 0.03958333333333333,
        "accuracies": 0.0020833333333333333,
        "fpr[\"micro\"],tpr[\"micro\"],_": 0.0020833333333333333,
        "figsize": 0.004166666666666667,
        "os.chdir(default_path)countries": 0.0020833333333333333,
        "food_info": 0.004166666666666667,
        "DQ": 0.004166666666666667,
        "array": 0.004166666666666667,
        "r": 0.004166666666666667,
        "b": 0.004166666666666667,
        "x_values": 0.0020833333333333333,
        "plot_list": 0.004166666666666667,
        "channel_states": 0.0020833333333333333,
        "gross_list": 0.00625,
        "g": 0.0125,
        "diff": 0.0020833333333333333,
        "frame": 0.0020833333333333333,
        "data": 0.025,
        "alarms_over_1_min": 0.0020833333333333333,
        "stamp": 0.0020833333333333333,
        "tic": 0.008333333333333333,
        "ax": 0.00625,
        "X_test": 0.00625,
        "start": 0.004166666666666667,
        "outlier_data['residual'][i]": 0.008333333333333333,
        "resampled_df": 0.0125,
        "big_mat2": 0.0020833333333333333,
        "X": 0.0020833333333333333,
        "price": 0.004166666666666667,
        "H": 0.0020833333333333333,
        "sentences": 0.0020833333333333333,
        "per_school_summary_df[\"SpendingRanges(PerStudent)\"]": 0.0020833333333333333,
        "mismP": 0.00625,
        "model": 0.010416666666666666,
        "small_df": 0.0020833333333333333,
        "response": 0.0020833333333333333,
        "plt.imshow(output_weight.reshape([2,20]),cmap": 0.0020833333333333333,
        "test_acc": 0.0020833333333333333,
        "f3,axs3": 0.0020833333333333333,
        "X_TF_train": 0.0020833333333333333,
        "returns": 0.0020833333333333333,
        "indices": 0.004166666666666667,
        "zeros": 0.0020833333333333333,
        "all_durations": 0.0020833333333333333,
        "mdl": 0.0020833333333333333,
        "anddirty_data['time'][i]<": 0.00625,
        "dirty_data['time']": 0.0020833333333333333,
        "numbered": 0.008333333333333333,
        "summary": 0.0020833333333333333,
        "writer": 0.020833333333333332,
        "alarm_settings_2[recording]": 0.0020833333333333333,
        "emoji_pattern": 0.0020833333333333333,
        "B_line_inv": 0.0020833333333333333,
        "df_json": 0.0020833333333333333,
        "kf": 0.0020833333333333333,
        "correct_scores": 0.0020833333333333333,
        "budget_df['release_date']": 0.0020833333333333333,
        "data1": 0.004166666666666667,
        "sc_X": 0.0020833333333333333,
        "mpaa_list": 0.004166666666666667,
        "df_train": 0.0020833333333333333,
        "xtrain,xtest,ytrain,ytest": 0.0020833333333333333,
        "train": 0.004166666666666667,
        "training_data_len": 0.0020833333333333333,
        "Y": 0.004166666666666667,
        "cf_a": 0.0020833333333333333,
        "bins": 0.0020833333333333333,
        "v": 0.0020833333333333333,
        "stats_all": 0.010416666666666666,
        "df_clean[\"date\"]": 0.0020833333333333333,
        "actors": 0.004166666666666667,
        "DV": 0.0020833333333333333,
        "submission": 0.0020833333333333333,
        "f,ax": 0.00625,
        "X,y": 0.0020833333333333333,
        "DP": 0.004166666666666667,
        "food_review_total": 0.0020833333333333333,
        "J1": 0.0020833333333333333,
        "X_std_test": 0.0020833333333333333,
        "directors_list": 0.00625,
        "a1": 0.0020833333333333333,
        "N": 0.0020833333333333333,
        "batch_y": 0.0020833333333333333,
        "clf": 0.004166666666666667,
        "max_sharpe[date]": 0.0020833333333333333,
        "clinical_details": 0.0020833333333333333,
        "mismQ": 0.00625,
        "pmi_dist_matrix": 0.0020833333333333333,
        "dinner_prices": 0.0020833333333333333,
        "model_tp": 0.0020833333333333333,
        "actor_ratings": 0.0020833333333333333,
        "normalSample": 0.0020833333333333333,
        "cities": 0.0020833333333333333,
        "Q1": 0.0020833333333333333,
        "mean_tpr": 0.0020833333333333333,
        "x_train": 0.0020833333333333333,
        "x": 0.004166666666666667,
        "ones": 0.0020833333333333333,
        "big_mat1": 0.0020833333333333333,
        "dataset": 0.0020833333333333333,
        "mean_image": 0.0020833333333333333,
        "rmse": 0.004166666666666667,
        "dataframe": 0.0020833333333333333,
        "alarm_t": 0.0020833333333333333,
        "x_train,y_train": 0.0020833333333333333,
        "a": 0.008333333333333333,
        "J": 0.0020833333333333333,
        "class_names": 0.0020833333333333333,
        "x_test": 0.004166666666666667,
        "B_line": 0.0020833333333333333,
        "df_raw": 0.004166666666666667,
        "tij": 0.00625,
        "dummy_variable_1": 0.0020833333333333333,
        "classes": 0.0020833333333333333,
        "pca": 0.0020833333333333333,
        "self.fires": 0.004166666666666667,
        "tjj": 0.004166666666666667,
        "tiny_image": 0.004166666666666667,
        "pca_ll_dist_matrix": 0.0020833333333333333,
        "food_info_total": 0.004166666666666667,
        "A": 0.0020833333333333333,
        "movie_ratings": 0.0020833333333333333,
        "v_abs_mean": 0.0020833333333333333,
        "tii": 0.0020833333333333333,
        "start_time": 0.0020833333333333333,
        "dtree": 0.0020833333333333333,
        "fires": 0.0020833333333333333,
        "X_std": 0.0020833333333333333,
        "mask": 0.0020833333333333333,
        "X_train": 0.0020833333333333333,
        "reloaded_df": 0.0020833333333333333,