{
    "CLUSTER_3": {
        "everything": 0.0058823529411764705,
        "scaler": 0.0058823529411764705,
        "fig,ax": 0.08235294117647059,
        "X_train,X_test,y_train,y_test": 0.12941176470588237,
        "lin_reg_2": 0.011764705882352941,
        "score": 0.011764705882352941,
        "rf": 0.07647058823529412,
        "cm": 0.07058823529411765,
        "poly_reg": 0.0058823529411764705,
        "accuracies": 0.0058823529411764705,
        "fig": 0.0058823529411764705,
        "g": 0.01764705882352941,
        "yhat": 0.023529411764705882,
        "data": 0.023529411764705882,
        "ax": 0.01764705882352941,
        "X_test": 0.011764705882352941,
        "fpr,tpr,thresholds": 0.0058823529411764705,
        "start": 0.0058823529411764705,
        "pred": 0.0058823529411764705,
        "resampled_df": 0.03529411764705882,
        "X": 0.0058823529411764705,
        "df": 0.03529411764705882,
        "images": 0.011764705882352941,
        "f3,axs3": 0.0058823529411764705,
        "mdl": 0.0058823529411764705,
        "skf": 0.011764705882352941,
        "y_train": 0.0058823529411764705,
        "sc_X": 0.0058823529411764705,
        "df_train": 0.0058823529411764705,
        "xtrain,xtest,ytrain,ytest": 0.0058823529411764705,
        "training_data_len": 0.0058823529411764705,
        "v": 0.0058823529411764705,
        "df_clean[\"date\"]": 0.0058823529411764705,
        "submission": 0.0058823529411764705,
        "f,ax": 0.01764705882352941,
        "X,y": 0.0058823529411764705,
        "y_test": 0.0058823529411764705,
        "X_std_test": 0.0058823529411764705,
        "X_test_cnn": 0.0058823529411764705,
        "pmi_dist_matrix": 0.0058823529411764705,
        "normalSample": 0.0058823529411764705,
        "x_train": 0.0058823529411764705,
        "dataset": 0.0058823529411764705,
        "rmse": 0.011764705882352941,
        "x_train,y_train": 0.0058823529411764705,
        "error": 0.011764705882352941,
        "roc_auc+": 0.0058823529411764705,
        "labels": 0.0058823529411764705,
        "x_test": 0.011764705882352941,
        "classes": 0.011764705882352941,
        "pca": 0.0058823529411764705,
        "pca_ll_dist_matrix": 0.0058823529411764705,
        "train": 0.0058823529411764705,
        "X_std": 0.0058823529411764705,
        "reloaded_df": 0.0058823529411764705,
        "raw_dist_matrix": 0.0058823529411764705,
        "max_sims": 0.011764705882352941,
        "fig,axes": 0.0058823529411764705,
        "kmeans": 0.0058823529411764705,
        "sc": 0.0058823529411764705,
        "t": 0.0058823529411764705,
        "x_train_up": 0.0058823529411764705,
        "yhat_cnn": 0.0058823529411764705,
        "pca_pmi_dist_matrix": 0.0058823529411764705,
        "X_train_cnn": 0.0058823529411764705,
        "test": 0.0058823529411764705,
        "ss": 0.0058823529411764705,
        "wine": 0.0058823529411764705,
        "df_1": 0.0058823529411764705,
        "sklearn_pca": 0.0058823529411764705,
        "yhat_mlp": 0.0058823529411764705,
        "mean_fpr": 0.0058823529411764705,
        "x_test_up": 0.0058823529411764705,
        "estimator": 0.0058823529411764705,
        "ind": 0.0058823529411764705,
        "data['dist']": 0.0058823529411764705,
        "random_df": 0.0058823529411764705,
        "train_Y": 0.0058823529411764705,
        "upperPartSelector": 0.0058823529411764705,
        "data['DATE']": 0.0058823529411764705,
        "X_grid": 0.0058823529411764705
    },
    "CLUSTER_0": {
        "B": 0.09090909090909091,
        "r": 0.18181818181818182,
        "big_mat2": 0.09090909090909091,
        "big_mat1": 0.09090909090909091,
        "A": 0.09090909090909091,
        "df": 0.09090909090909091,
        "start": 0.09090909090909091,
        "ys": 0.09090909090909091,
        "spin": 0.09090909090909091,
        "return(100.0*np.sum(np.argmax(predictions,1)": 0.09090909090909091
    },
    "CLUSTER_11": {
        "training_loss": 0.034482758620689655,
        "fig": 0.06896551724137931,
        "pca": 0.06896551724137931,
        "sstot": 0.034482758620689655,
        "X_train,X_test,y_train,y_test": 0.06896551724137931,
        "au_1062bio": 0.034482758620689655,
        "var": 0.034482758620689655,
        "scale": 0.06896551724137931,
        "self.key_pts_frame": 0.034482758620689655,
        "f_test": 0.034482758620689655,
        "AUC": 0.034482758620689655,
        "mlp": 0.034482758620689655,
        "clf": 0.034482758620689655,
        "key_pts_copy": 0.034482758620689655,
        "fig1,ax1": 0.034482758620689655,
        "ax": 0.034482758620689655,
        "y_true,y_pred": 0.034482758620689655,
        "imageTest": 0.034482758620689655,
        "res": 0.06896551724137931,
        "principalDf": 0.034482758620689655,
        "image_copy": 0.034482758620689655,
        "sample": 0.034482758620689655,
        "tsne": 0.034482758620689655,
        "regr": 0.034482758620689655
    },
    "CLUSTER_9": {
        "durations": 0.021052631578947368,
        "fig": 0.24210526315789474,
        "flist": 0.042105263157894736,
        "ifpxy": 0.010526315789473684,
        "delta": 0.010526315789473684,
        "X_train,X_test,y_train,y_test": 0.010526315789473684,
        "size": 0.010526315789473684,
        "freqReviewDf": 0.010526315789473684,
        "self.all_weights": 0.010526315789473684,
        "pmi": 0.010526315789473684,
        "hotelDfRaw": 0.010526315789473684,
        "figsize": 0.021052631578947368,
        "data": 0.010526315789473684,
        "pmidf": 0.021052631578947368,
        "fig,axes": 0.010526315789473684,
        "frame": 0.010526315789473684,
        "alarms_over_1_min": 0.010526315789473684,
        "stamp": 0.010526315789473684,
        "ax": 0.010526315789473684,
        "pmineglist": 0.010526315789473684,
        "im": 0.010526315789473684,
        "small_df": 0.010526315789473684,
        "returns": 0.010526315789473684,
        "all_durations": 0.010526315789473684,
        "numbered": 0.042105263157894736,
        "writer": 0.10526315789473684,
        "alarm_settings_2[recording]": 0.010526315789473684,
        "df": 0.010526315789473684,
        "stats_all": 0.05263157894736842,
        "miScoredf": 0.010526315789473684,
        "counter": 0.021052631578947368,
        "tempCounter": 0.010526315789473684,
        "max_sharpe[date]": 0.010526315789473684,
        "clinical_details": 0.010526315789473684,
        "alarm_t": 0.010526315789473684,
        "pmiposlist": 0.010526315789473684,
        "cmap": 0.031578947368421054,
        "recording_times_frame": 0.010526315789473684,
        "alarm_stats_cum_rec": 0.010526315789473684,
        "total_recording_time": 0.010526315789473684,
        "fig,ax": 0.010526315789473684,
        "alarm_stats_cum_total": 0.010526315789473684,
        "weights/": 0.010526315789473684,
        "alarms_over_1_hour": 0.010526315789473684,
        "class_sort": 0.010526315789473684,
        "reviewDf": 0.010526315789473684,
        "x": 0.010526315789473684,
        "trained_label": 0.010526315789473684
    },
    "CLUSTER_10": {
        "movies_list": 0.22916666666666666,
        "std": 0.020833333333333332,
        "writers_list": 0.0625,
        "fold": 0.020833333333333332,
        "writer_ratings": 0.041666666666666664,
        "plot_list": 0.041666666666666664,
        "gross_list": 0.0625,
        "model": 0.041666666666666664,
        "kf": 0.020833333333333332,
        "mpaa_list": 0.041666666666666664,
        "data": 0.0625,
        "train": 0.020833333333333332,
        "actors": 0.041666666666666664,
        "directors_list": 0.0625,
        "actor_ratings": 0.020833333333333332,
        "indices": 0.020833333333333332,
        "movie_ratings": 0.020833333333333332,
        "budget_list": 0.041666666666666664,
        "movies": 0.041666666666666664,
        "embedding_matrix": 0.020833333333333332,
        "director_ratings": 0.020833333333333332,
        "genres_list": 0.020833333333333332,