{
    "CLUSTER_0": {
        "everything": 0.002717391304347826,
        "scaler": 0.002717391304347826,
        "durations": 0.005434782608695652,
        "fig": 0.06521739130434782,
        "fig,ax": 0.03804347826086957,
        "flist": 0.010869565217391304,
        "ifpxy": 0.002717391304347826,
        "movies_list": 0.029891304347826088,
        "X_train,X_test,y_train,y_test": 0.06521739130434782,
        "std": 0.002717391304347826,
        "lin_reg_2": 0.005434782608695652,
        "score": 0.010869565217391304,
        "axes": 0.002717391304347826,
        "delta": 0.002717391304347826,
        "writers_list": 0.008152173913043478,
        "fold": 0.002717391304347826,
        "rf": 0.035326086956521736,
        "featureScores": 0.002717391304347826,
        "roc_auc[\"macro\"]": 0.002717391304347826,
        "writer_ratings": 0.005434782608695652,
        "cm": 0.03260869565217391,
        "trainX,testX,trainy,testy": 0.008152173913043478,
        "poly_reg": 0.002717391304347826,
        "data2": 0.002717391304347826,
        "freqReviewDf": 0.002717391304347826,
        "accuracies": 0.002717391304347826,
        "pmi": 0.002717391304347826,
        "hotelDfRaw": 0.002717391304347826,
        "fpr[\"micro\"],tpr[\"micro\"],_": 0.002717391304347826,
        "figsize": 0.005434782608695652,
        "pmidf": 0.005434782608695652,
        "array": 0.005434782608695652,
        "plot_list": 0.005434782608695652,
        "channel_states": 0.002717391304347826,
        "df": 0.024456521739130436,
        "gross_list": 0.008152173913043478,
        "fig,axes": 0.008152173913043478,
        "g": 0.008152173913043478,
        "frame": 0.002717391304347826,
        "yhat": 0.010869565217391304,
        "data": 0.02717391304347826,
        "alarms_over_1_min": 0.002717391304347826,
        "stamp": 0.002717391304347826,
        "ax": 0.008152173913043478,
        "X_test": 0.005434782608695652,
        "fpr,tpr,thresholds": 0.002717391304347826,
        "start": 0.002717391304347826,
        "pred": 0.002717391304347826,
        "resampled_df": 0.016304347826086956,
        "pmineglist": 0.002717391304347826,
        "X": 0.002717391304347826,
        "images": 0.005434782608695652,
        "model": 0.01358695652173913,
        "small_df": 0.002717391304347826,
        "f3,axs3": 0.002717391304347826,
        "X_TF_train": 0.002717391304347826,
        "returns": 0.002717391304347826,
        "indices": 0.005434782608695652,
        "zeros": 0.002717391304347826,
        "all_durations": 0.002717391304347826,
        "mdl": 0.002717391304347826,
        "numbered": 0.010869565217391304,
        "summary": 0.002717391304347826,
        "writer": 0.02717391304347826,
        "alarm_settings_2[recording]": 0.002717391304347826,
        "skf": 0.005434782608695652,
        "y_train": 0.002717391304347826,
        "kf": 0.002717391304347826,
        "data1": 0.005434782608695652,
        "sc_X": 0.002717391304347826,
        "mpaa_list": 0.005434782608695652,
        "df_train": 0.002717391304347826,
        "xtrain,xtest,ytrain,ytest": 0.002717391304347826,
        "train": 0.005434782608695652,
        "training_data_len": 0.002717391304347826,
        "bins": 0.002717391304347826,
        "v": 0.002717391304347826,
        "stats_all": 0.01358695652173913,
        "miScoredf": 0.002717391304347826,
        "df_clean[\"date\"]": 0.002717391304347826,
        "actors": 0.005434782608695652,
        "submission": 0.002717391304347826,
        "f,ax": 0.008152173913043478,
        "counter": 0.005434782608695652,
        "X,y": 0.002717391304347826,
        "y_test": 0.002717391304347826,
        "X_std_test": 0.002717391304347826,
        "directors_list": 0.008152173913043478,
        "a1": 0.002717391304347826,
        "tempCounter": 0.002717391304347826,
        "X_test_cnn": 0.002717391304347826,
        "clf": 0.005434782608695652,
        "max_sharpe[date]": 0.002717391304347826,
        "clinical_details": 0.002717391304347826,
        "pmi_dist_matrix": 0.002717391304347826,
        "actor_ratings": 0.002717391304347826,
        "normalSample": 0.002717391304347826,
        "mean_tpr": 0.002717391304347826,
        "x_train": 0.002717391304347826,
        "x": 0.005434782608695652,
        "ones": 0.002717391304347826,
        "dataset": 0.002717391304347826,
        "rmse": 0.005434782608695652,
        "alarm_t": 0.002717391304347826,
        "x_train,y_train": 0.002717391304347826,
        "error": 0.005434782608695652,
        "roc_auc+": 0.002717391304347826,
        "class_names": 0.002717391304347826,
        "labels": 0.002717391304347826,
        "x_test": 0.005434782608695652,
        "df_raw": 0.005434782608695652,
        "dummy_variable_1": 0.002717391304347826,
        "classes": 0.005434782608695652,
        "pca": 0.002717391304347826,
        "pca_ll_dist_matrix": 0.002717391304347826,
        "movie_ratings": 0.002717391304347826,
        "v_abs_mean": 0.002717391304347826,
        "pmiposlist": 0.002717391304347826,
        "dtree": 0.002717391304347826,
        "X_std": 0.002717391304347826,
        "reloaded_df": 0.002717391304347826,
        "cmap": 0.008152173913043478,
        "raw_dist_matrix": 0.002717391304347826,
        "X_TF_pred": 0.002717391304347826,
        "bestfeatures": 0.002717391304347826,
        "recording_times_frame": 0.002717391304347826,
        "max_sims": 0.005434782608695652,
        "kmeans": 0.002717391304347826,
        "alarm_stats_cum_rec": 0.002717391304347826,
        "total_recording_time": 0.002717391304347826,
        "sc": 0.002717391304347826,
        "train_data": 0.002717391304347826,
        "range_arrays": 0.002717391304347826,
        "val_class_names": 0.002717391304347826,
        "t": 0.002717391304347826,
        "x_train_up": 0.002717391304347826,
        "yhat_cnn": 0.002717391304347826,
        "budget_list": 0.005434782608695652,
        "num_complete_minibatches": 0.002717391304347826,
        "roc_auc[\"micro\"]": 0.002717391304347826,
        "pca_pmi_dist_matrix": 0.002717391304347826,
        "X_train_cnn": 0.002717391304347826,
        "movies": 0.005434782608695652,
        "test": 0.005434782608695652,
        "ss": 0.002717391304347826,
        "embedding_matrix": 0.002717391304347826,
        "df_capacitances": 0.002717391304347826,
        "wine": 0.002717391304347826,
        "df_1": 0.002717391304347826,
        "alarm_stats_cum_total": 0.002717391304347826,
        "sklearn_pca": 0.002717391304347826,
        "df['horsepower-binned']": 0.002717391304347826,
        "weights/": 0.002717391304347826,
        "alarms_over_1_hour": 0.002717391304347826,
        "yhat_mlp": 0.002717391304347826,
        "mean_fpr": 0.002717391304347826,
        "x_test_up": 0.002717391304347826,
        "estimator": 0.002717391304347826,
        "ind": 0.002717391304347826,
        "sample_array": 0.002717391304347826,
        "data3": 0.005434782608695652,
        "data['dist']": 0.002717391304347826,
        "director_ratings": 0.002717391304347826,
        "s[\"dW\"+str(l+1)]": 0.002717391304347826,
        "y_TF_train": 0.002717391304347826,
        "dfcolumns": 0.002717391304347826,
        "random_df": 0.002717391304347826,
        "train_Y": 0.002717391304347826,
        "upperPartSelector": 0.002717391304347826,
        "files": 0.002717391304347826,
        "genres_list": 0.002717391304347826,
        "reviewDf": 0.002717391304347826,
        "a3": 0.002717391304347826,
        "v_filtered_mean": 0.002717391304347826,
        "y_TF_pred": 0.002717391304347826,
        "a2": 0.002717391304347826,
        "data['DATE']": 0.002717391304347826,
        "dfA": 0.002717391304347826,
        "X_grid": 0.002717391304347826
    },
    "CLUSTER_1": {
        "B": 0.02,
        "outlier_data['date']": 0.006666666666666667,
        "df_l": 0.04,
        "df": 0.02,
        "lm_tp": 0.006666666666666667,
        "features": 0.006666666666666667,
        "G": 0.013333333333333334,