{
    "CLUSTER_14": {
        "everything": 0.011904761904761904,
        "durations": 0.023809523809523808,
        "flist": 0.047619047619047616,
        "delta": 0.011904761904761904,
        "fig": 0.21428571428571427,
        "frame": 0.011904761904761904,
        "yhat": 0.047619047619047616,
        "alarms_over_1_min": 0.011904761904761904,
        "stamp": 0.011904761904761904,
        "fpr,tpr,thresholds": 0.011904761904761904,
        "pred": 0.011904761904761904,
        "images": 0.023809523809523808,
        "all_durations": 0.011904761904761904,
        "numbered": 0.047619047619047616,
        "writer": 0.11904761904761904,
        "alarm_settings_2[recording]": 0.011904761904761904,
        "skf": 0.023809523809523808,
        "y_train": 0.011904761904761904,
        "stats_all": 0.05952380952380952,
        "y_test": 0.011904761904761904,
        "X_test_cnn": 0.011904761904761904,
        "clinical_details": 0.011904761904761904,
        "alarm_t": 0.011904761904761904,
        "error": 0.023809523809523808,
        "roc_auc+": 0.011904761904761904,
        "labels": 0.011904761904761904,
        "recording_times_frame": 0.011904761904761904,
        "alarm_stats_cum_rec": 0.011904761904761904,
        "total_recording_time": 0.011904761904761904,
        "x_train_up": 0.011904761904761904,
        "yhat_cnn": 0.011904761904761904,
        "X_train_cnn": 0.011904761904761904,
        "alarm_stats_cum_total": 0.011904761904761904,
        "alarms_over_1_hour": 0.011904761904761904,
        "yhat_mlp": 0.011904761904761904,
        "mean_fpr": 0.011904761904761904,
        "fig,ax": 0.011904761904761904,
        "x_test_up": 0.011904761904761904,
        "classes": 0.011904761904761904,
        "ind": 0.011904761904761904,
        "dfA": 0.011904761904761904
    },
    "CLUSTER_3": {
        "scaler": 0.014492753623188406,
        "fold": 0.014492753623188406,
        "featureScores": 0.014492753623188406,
        "trainX,testX,trainy,testy": 0.043478260869565216,
        "data2": 0.014492753623188406,
        "accuracies": 0.014492753623188406,
        "fig": 0.014492753623188406,
        "X_test": 0.028985507246376812,
        "start": 0.014492753623188406,
        "df": 0.028985507246376812,
        "model": 0.07246376811594203,
        "f3,axs3": 0.014492753623188406,
        "ax": 0.028985507246376812,
        "indices": 0.014492753623188406,
        "summary": 0.014492753623188406,
        "data": 0.10144927536231885,
        "kf": 0.014492753623188406,
        "data1": 0.028985507246376812,
        "xtrain,xtest,ytrain,ytest": 0.014492753623188406,
        "train": 0.014492753623188406,
        "training_data_len": 0.014492753623188406,
        "v": 0.014492753623188406,
        "pmi_dist_matrix": 0.014492753623188406,
        "normalSample": 0.014492753623188406,
        "x_train": 0.014492753623188406,
        "dataset": 0.014492753623188406,
        "x_train,y_train": 0.014492753623188406,
        "x_test": 0.028985507246376812,
        "df_raw": 0.028985507246376812,
        "score": 0.028985507246376812,
        "pca_ll_dist_matrix": 0.014492753623188406,
        "X_train,X_test,y_train,y_test": 0.028985507246376812,
        "dtree": 0.014492753623188406,
        "raw_dist_matrix": 0.014492753623188406,
        "cm": 0.014492753623188406,
        "bestfeatures": 0.014492753623188406,
        "max_sims": 0.028985507246376812,
        "sc": 0.014492753623188406,
        "t": 0.014492753623188406,
        "pca_pmi_dist_matrix": 0.014492753623188406,
        "embedding_matrix": 0.014492753623188406,
        "wine": 0.014492753623188406,
        "fig,ax": 0.014492753623188406,
        "data3": 0.028985507246376812,
        "dfcolumns": 0.014492753623188406,
        "upperPartSelector": 0.014492753623188406,
        "test": 0.014492753623188406
    },
    "CLUSTER_30": {
        "B": 0.2,
        "A": 0.2,
        "df": 0.2,
        "start": 0.2,
        "spin": 0.2
    },
    "CLUSTER_28": {
        "training_loss": 0.02564102564102564,
        "fig,ax": 0.2564102564102564,
        "pca": 0.05128205128205128,
        "sstot": 0.02564102564102564,
        "X_train,X_test,y_train,y_test": 0.05128205128205128,
        "au_1062bio": 0.02564102564102564,
        "g": 0.07692307692307693,
        "var": 0.02564102564102564,
        "scale": 0.05128205128205128,
        "f,ax": 0.07692307692307693,
        "f_test": 0.02564102564102564,
        "X,y": 0.02564102564102564,
        "AUC": 0.02564102564102564,
        "mlp": 0.02564102564102564,
        "clf": 0.02564102564102564,
        "fig1,ax1": 0.02564102564102564,
        "y_true,y_pred": 0.02564102564102564,
        "data": 0.02564102564102564,
        "principalDf": 0.02564102564102564,
        "data['dist']": 0.02564102564102564,
        "tsne": 0.02564102564102564,
        "random_df": 0.02564102564102564,
        "regr": 0.02564102564102564
    },
    "CLUSTER_16": {
        "fig": 0.22727272727272727,
        "ifpxy": 0.045454545454545456,
        "freqReviewDf": 0.045454545454545456,
        "pmi": 0.045454545454545456,
        "hotelDfRaw": 0.045454545454545456,
        "pmidf": 0.09090909090909091,
        "pmineglist": 0.045454545454545456,
        "miScoredf": 0.045454545454545456,
        "counter": 0.09090909090909091,
        "tempCounter": 0.045454545454545456,
        "pmiposlist": 0.045454545454545456,
        "cmap": 0.13636363636363635,
        "reviewDf": 0.045454545454545456,
        "x": 0.045454545454545456
    },
    "CLUSTER_26": {
        "fig": 0.3333333333333333,
        "self.key_pts_frame": 0.16666666666666666,
        "key_pts_copy": 0.16666666666666666,
        "ax": 0.16666666666666666,
        "image_copy": 0.16666666666666666
    },
    "CLUSTER_20": {
        "movies_list": 0.2894736842105263,
        "std": 0.02631578947368421,
        "writers_list": 0.07894736842105263,
        "writer_ratings": 0.05263157894736842,
        "plot_list": 0.05263157894736842,
        "gross_list": 0.07894736842105263,
        "mpaa_list": 0.05263157894736842,
        "actors": 0.05263157894736842,
        "directors_list": 0.07894736842105263,
        "actor_ratings": 0.02631578947368421,
        "indices": 0.02631578947368421,
        "movie_ratings": 0.02631578947368421,
        "budget_list": 0.05263157894736842,
        "movies": 0.05263157894736842,
        "director_ratings": 0.02631578947368421,
        "genres_list": 0.02631578947368421
    },
    "CLUSTER_4": {
        "X_train,X_test,y_train,y_test": 0.26582278481012656,
        "lin_reg_2": 0.02531645569620253,
        "score": 0.02531645569620253,
        "rf": 0.16455696202531644,
        "cm": 0.13924050632911392,
        "poly_reg": 0.012658227848101266,
        "ax": 0.012658227848101266,
        "resampled_df": 0.0759493670886076,
        "X": 0.012658227848101266,
        "sc_X": 0.012658227848101266,
        "df_train": 0.012658227848101266,
        "submission": 0.012658227848101266,
        "X_std_test": 0.012658227848101266,
        "rmse": 0.02531645569620253,
        "classes": 0.012658227848101266,
        "pca": 0.012658227848101266,
        "train": 0.012658227848101266,
        "df": 0.0379746835443038,
        "X_std": 0.012658227848101266,
        "reloaded_df": 0.012658227848101266,
        "kmeans": 0.012658227848101266,
        "test": 0.012658227848101266,
        "ss": 0.012658227848101266,
        "sklearn_pca": 0.012658227848101266,
        "estimator": 0.012658227848101266,
        "train_Y": 0.012658227848101266,
        "X_grid": 0.012658227848101266
    },
    "CLUSTER_1": {
        "outlier_data['date']": 0.020833333333333332,
        "df": 0.020833333333333332,
        "lm_tp": 0.020833333333333332,
        "os.chdir(default_path)countries": 0.020833333333333332,
        "food_info": 0.041666666666666664,
        "x_values": 0.020833333333333332,
        "outlier_data['residual'][i]": 0.08333333333333333,