{
    "CLUSTER_3": {
        "everything": 0.02631578947368421,
        "score": 0.05263157894736842,
        "X_train,X_test,y_train,y_test": 0.02631578947368421,
        "figsize": 0.05263157894736842,
        "fig,axes": 0.02631578947368421,
        "yhat": 0.10526315789473684,
        "fpr,tpr,thresholds": 0.02631578947368421,
        "pred": 0.02631578947368421,
        "images": 0.05263157894736842,
        "skf": 0.05263157894736842,
        "y_train": 0.02631578947368421,
        "y_test": 0.02631578947368421,
        "X_std_test": 0.02631578947368421,
        "X_test_cnn": 0.02631578947368421,
        "error": 0.05263157894736842,
        "roc_auc+": 0.02631578947368421,
        "labels": 0.02631578947368421,
        "classes": 0.05263157894736842,
        "pca": 0.02631578947368421,
        "X_std": 0.02631578947368421,
        "x_train_up": 0.02631578947368421,
        "yhat_cnn": 0.02631578947368421,
        "X_train_cnn": 0.02631578947368421,
        "sklearn_pca": 0.02631578947368421,
        "yhat_mlp": 0.02631578947368421,
        "mean_fpr": 0.02631578947368421,
        "fig,ax": 0.02631578947368421,
        "x_test_up": 0.02631578947368421,
        "ind": 0.02631578947368421
    },
    "CLUSTER_12": {
        "scaler": 0.014492753623188406,
        "training_loss": 0.014492753623188406,
        "pca": 0.028985507246376812,
        "featureScores": 0.014492753623188406,
        "accuracies": 0.014492753623188406,
        "sstot": 0.014492753623188406,
        "fig": 0.014492753623188406,
        "X_train,X_test,y_train,y_test": 0.057971014492753624,
        "au_1062bio": 0.014492753623188406,
        "var": 0.014492753623188406,
        "scale": 0.028985507246376812,
        "X_test": 0.028985507246376812,
        "start": 0.014492753623188406,
        "df": 0.043478260869565216,
        "f3,axs3": 0.014492753623188406,
        "ax": 0.028985507246376812,
        "indices": 0.014492753623188406,
        "mdl": 0.014492753623188406,
        "summary": 0.014492753623188406,
        "xtrain,xtest,ytrain,ytest": 0.014492753623188406,
        "training_data_len": 0.014492753623188406,
        "v": 0.014492753623188406,
        "df_clean[\"date\"]": 0.014492753623188406,
        "f_test": 0.014492753623188406,
        "AUC": 0.014492753623188406,
        "mlp": 0.014492753623188406,
        "pmi_dist_matrix": 0.014492753623188406,
        "normalSample": 0.014492753623188406,
        "clf": 0.014492753623188406,
        "x_train": 0.014492753623188406,
        "dataset": 0.014492753623188406,
        "fig1,ax1": 0.014492753623188406,
        "x_train,y_train": 0.014492753623188406,
        "x_test": 0.028985507246376812,
        "df_raw": 0.028985507246376812,
        "pca_ll_dist_matrix": 0.014492753623188406,
        "y_true,y_pred": 0.014492753623188406,
        "model": 0.014492753623188406,
        "fig,ax": 0.028985507246376812,
        "dtree": 0.014492753623188406,
        "raw_dist_matrix": 0.014492753623188406,
        "cm": 0.014492753623188406,
        "data": 0.028985507246376812,
        "bestfeatures": 0.014492753623188406,
        "max_sims": 0.028985507246376812,
        "sc": 0.014492753623188406,
        "t": 0.014492753623188406,
        "pca_pmi_dist_matrix": 0.014492753623188406,
        "principalDf": 0.014492753623188406,
        "embedding_matrix": 0.014492753623188406,
        "wine": 0.014492753623188406,
        "tsne": 0.014492753623188406,
        "dfcolumns": 0.014492753623188406,
        "upperPartSelector": 0.014492753623188406,
        "regr": 0.014492753623188406
    },
    "CLUSTER_5": {
        "B": 0.125,
        "r": 0.25,
        "A": 0.125,
        "df": 0.125,
        "start": 0.125,
        "spin": 0.125,
        "cwd": 0.125
    },
    "CLUSTER_0": {
        "durations": 0.031746031746031744,
        "flist": 0.06349206349206349,
        "delta": 0.015873015873015872,
        "tr_finite": 0.015873015873015872,
        "fig": 0.2857142857142857,
        "frame": 0.015873015873015872,
        "alarms_over_1_min": 0.015873015873015872,
        "stamp": 0.015873015873015872,
        "y": 0.015873015873015872,
        "all_durations": 0.015873015873015872,
        "numbered": 0.06349206349206349,
        "writer": 0.15873015873015872,
        "alarm_settings_2[recording]": 0.015873015873015872,
        "stats_all": 0.07936507936507936,
        "clinical_details": 0.015873015873015872,
        "a": 0.015873015873015872,
        "alarm_t": 0.015873015873015872,
        "imageTest": 0.015873015873015872,
        "res": 0.031746031746031744,
        "recording_times_frame": 0.015873015873015872,
        "alarm_stats_cum_rec": 0.015873015873015872,
        "total_recording_time": 0.015873015873015872,
        "sample": 0.015873015873015872,
        "alarm_stats_cum_total": 0.015873015873015872,
        "alarms_over_1_hour": 0.015873015873015872
    },
    "CLUSTER_2": {
        "fig": 0.041666666666666664,
        "fig,ax": 0.09166666666666666,
        "ifpxy": 0.008333333333333333,
        "X_train,X_test,y_train,y_test": 0.175,
        "lin_reg_2": 0.016666666666666666,
        "rf": 0.10833333333333334,
        "cm": 0.09166666666666666,
        "poly_reg": 0.008333333333333333,
        "freqReviewDf": 0.008333333333333333,
        "pmi": 0.008333333333333333,
        "hotelDfRaw": 0.008333333333333333,
        "pmidf": 0.016666666666666666,
        "g": 0.025,
        "data": 0.016666666666666666,
        "ax": 0.008333333333333333,
        "resampled_df": 0.05,
        "pmineglist": 0.008333333333333333,
        "X": 0.008333333333333333,
        "sc_X": 0.008333333333333333,
        "df_train": 0.008333333333333333,
        "miScoredf": 0.008333333333333333,
        "submission": 0.008333333333333333,
        "f,ax": 0.025,
        "counter": 0.016666666666666666,
        "X,y": 0.008333333333333333,
        "tempCounter": 0.008333333333333333,
        "rmse": 0.016666666666666666,
        "train": 0.008333333333333333,
        "pmiposlist": 0.008333333333333333,
        "df": 0.025,
        "reloaded_df": 0.008333333333333333,
        "cmap": 0.025,
        "fig,axes": 0.008333333333333333,
        "kmeans": 0.008333333333333333,
        "train_data": 0.008333333333333333,
        "test": 0.008333333333333333,
        "ss": 0.008333333333333333,
        "df_1": 0.008333333333333333,
        "estimator": 0.008333333333333333,
        "data['dist']": 0.008333333333333333,
        "random_df": 0.008333333333333333,
        "train_Y": 0.008333333333333333,
        "reviewDf": 0.008333333333333333,
        "data['DATE']": 0.008333333333333333,
        "x": 0.008333333333333333,
        "X_grid": 0.008333333333333333
    },
    "CLUSTER_7": {
        "fig": 0.13333333333333333,
        "size": 0.06666666666666667,
        "self.all_weights": 0.06666666666666667,
        "data": 0.06666666666666667,
        "diff": 0.06666666666666667,
        "ax": 0.13333333333333333,
        "im": 0.06666666666666667,
        "self.key_pts_frame": 0.06666666666666667,
        "key_pts_copy": 0.06666666666666667,
        "fig,ax": 0.06666666666666667,
        "image_copy": 0.06666666666666667,
        "class_sort": 0.06666666666666667,
        "trained_label": 0.06666666666666667
    },
    "CLUSTER_1": {
        "movies_list": 0.19642857142857142,
        "std": 0.017857142857142856,
        "df": 0.017857142857142856,
        "writers_list": 0.05357142857142857,
        "fold": 0.017857142857142856,
        "writer_ratings": 0.03571428571428571,
        "plot_list": 0.03571428571428571,
        "gross_list": 0.05357142857142857,
        "per_school_summary_df[\"SpendingRanges(PerStudent)\"]": 0.017857142857142856,
        "model": 0.03571428571428571,
        "df_json": 0.017857142857142856,
        "kf": 0.017857142857142856,
        "budget_df['release_date']": 0.017857142857142856,
        "mpaa_list": 0.03571428571428571,
        "data": 0.07142857142857142,
        "train": 0.017857142857142856,